"filename_fullpath","Sample.Name_pcr1","Primer_name_pcr1","pool_group_pcr1","pool_vol_pcr1","Well_position_pcr2","filename_pcr2","filename_pcr1","delta_rn_pcr1","CT_pcr1","Tm1_pcr1","Tm2_pcr1","Tm3_pcr1","Tm4_pcr1","Annealing_temperature_pcr1","Primer_concentration_pcr1","Primer_volume_pcr1","Sample_volume_pcr1","Comments_pcr1","Primer_name_pcr2","delta_rn_pcr2","CT_pcr2","Tm1_pcr2","Tm2_pcr2","Tm3_pcr2","Tm4_pcr2","forward_tag_pcr2","reverse_tag_pcr2","Annealing_temperature_pcr2","Primer_concentration_pcr2","Primer_volume_pcr2","Sample_volume_pcr2","Comments_pcr2","forward_tag_sequence","reverse_tag_sequence"
"C:/github/quantstudio/PCR2-xls/output/2023-05-11_list_for_pooling.csv","NTC_MB","16S",1,5,"A1","2022-10-31_fieldtrip2_indexing_16S","2023-04-27_matilda_bay_fullplate_16S_rerun",-0.00954473499829569,50,62.0568580627441,NA,NA,NA,55,4,1,1,"pcr_control","F7+R6",0.00259367912076414,0,66.6993865966797,NA,NA,NA,"F7","R6",65,10,2,2,"16S_indexing","TGGAACAGTA","GCGCGATGTT"
"C:/github/quantstudio/PCR2-xls/output/2023-05-11_list_for_pooling.csv","826","16S",1,5,"A2","2022-10-31_fieldtrip2_indexing_16S","2023-04-27_matilda_bay_fullplate_16S_rerun",0.742169204168022,47.7871259053548,72.3542734781901,NA,NA,NA,55,4,1,1,"extraction_control","F8+R6",-0.000984294107183814,0,66.3705520629883,NA,NA,NA,"F8","R6",65,10,2,2,"16S_indexing","CCTTGTTAAT","GCGCGATGTT"
"C:/github/quantstudio/PCR2-xls/output/2023-05-11_list_for_pooling.csv","845","16S",1,5,"A3","2022-10-31_fieldtrip2_indexing_16S","2023-04-27_matilda_bay_fullplate_16S_rerun",0.00781015617152055,50,77.5751673380534,NA,NA,NA,55,4,1,1,"field_control","F9+R6",0.0103781819343567,0,66.5947494506836,85.0648193359375,69.5081787109375,71.7070007324219,"F9","R6",65,10,2,2,"16S_indexing","GTTGATAGTG","GCGCGATGTT"
"C:/github/quantstudio/PCR2-xls/output/2023-05-11_list_for_pooling.csv","827","16S",1,5,"A4","2022-10-31_fieldtrip2_indexing_16S","2023-04-25_matilda_bay_fullplate_16S",0.282996187840278,46.2206077575684,67.6962521870931,NA,NA,NA,55,4,1,1,"passive","F10+R6",-0.251079350709915,0,85.4496154785156,NA,NA,NA,"F10","R6",65,10,2,2,"16S_indexing","ACCAGCGACA","GCGCGATGTT"
"C:/github/quantstudio/PCR2-xls/output/2023-05-11_list_for_pooling.csv","828","16S",1,5,"A5","2022-10-31_fieldtrip2_indexing_16S","2023-04-25_matilda_bay_fullplate_16S",0.165050739131402,48.4786504109701,74.9386088053385,NA,NA,NA,55,4,1,1,"passive","F11+R6",2.55149221420288,4.04254341125488,84.114013671875,NA,NA,NA,"F11","R6",65,10,2,1,"16S_indexing","CATACACTGT","GCGCGATGTT"
"C:/github/quantstudio/PCR2-xls/output/2023-05-11_list_for_pooling.csv","829","16S",1,5,"A6","2022-10-31_fieldtrip2_indexing_16S","2023-05-03_final_reruns_pcr1",-0.0184906907379629,50,63.823725382487,NA,NA,NA,55,4,1,1,"passive","F12+R6",0.494978129863739,5.97287273406982,84.3337173461914,NA,NA,NA,"F12","R6",65,10,2,1,"16S_indexing","GTGTGGCGCT","GCGCGATGTT"
"C:/github/quantstudio/PCR2-xls/output/2023-05-11_list_for_pooling.csv","830","16S",1,5,"A7","2022-10-31_fieldtrip2_indexing_16S","2023-04-25_matilda_bay_fullplate_16S",0.419751554882774,47.7282854715983,63.9407463073731,NA,NA,NA,55,4,1,1,"passive","F13+R6",-0.276856243610382,0,85.0359878540039,NA,NA,NA,"F13","R6",65,10,2,2,"16S_indexing","ATCACGAAGG","GCGCGATGTT"
"C:/github/quantstudio/PCR2-xls/output/2023-05-11_list_for_pooling.csv","831","16S",1,5,"A8","2022-10-31_fieldtrip2_indexing_16S","2023-04-27_matilda_bay_fullplate_16S_rerun",0.358794222896298,46.3776982625325,85.7389500935872,87.7827529907227,76.255002339681,87.0657272338867,55,4,1,1,"passive","F14+R6",1.12629044055939,4.1018590927124,84.0479202270508,NA,NA,NA,"F14","R6",65,10,2,2,"16S_indexing","CGGCTCTACT","GCGCGATGTT"
"C:/github/quantstudio/PCR2-xls/output/2023-05-11_list_for_pooling.csv","832","16S",1,5,"A9","2022-10-31_fieldtrip2_indexing_16S","2023-04-25_matilda_bay_fullplate_16S",0.0607319086169203,49.0722236633301,69.9784965515137,NA,NA,NA,55,4,1,1,"passive","F15+R6",0.174416661262512,8.04940414428711,84.4124526977539,67.0899887084961,93.3761367797852,89.4717102050781,"F15","R6",65,10,2,2,"16S_indexing","GAATGCACGA","GCGCGATGTT"
"C:/github/quantstudio/PCR2-xls/output/2023-05-11_list_for_pooling.csv","833","16S",1,5,"A10","2022-10-31_fieldtrip2_indexing_16S","2023-04-27_matilda_bay_fullplate_16S_rerun",0.528888498471738,47.6143697102865,73.6747385660807,NA,NA,NA,55,4,1,1,"agitated","F16+R6",2.21554207801819,0,84.3574600219727,NA,NA,NA,"F16","R6",65,10,2,2,"16S_indexing","AAGACTATAG","GCGCGATGTT"
"C:/github/quantstudio/PCR2-xls/output/2023-05-11_list_for_pooling.csv","834","16S",1,5,"A11","2022-10-31_fieldtrip2_indexing_16S","2023-04-27_matilda_bay_fullplate_16S_rerun",0.555941206480688,46.9082883199056,64.4100748697917,NA,NA,NA,55,4,1,1,"agitated","F17+R6",2.48197531700134,0,84.0470352172852,NA,NA,NA,"F17","R6",65,10,2,2,"16S_indexing","TCGGCAGCAA","GCGCGATGTT"
"C:/github/quantstudio/PCR2-xls/output/2023-05-11_list_for_pooling.csv","835","16S",2,3.1,"A12","2022-10-31_fieldtrip2_indexing_16S","2023-05-03_final_reruns_pcr1",0.83281925568978,48.1167310078939,75.1344312032064,NA,NA,NA,55,4,1,1,"agitated x5 dil","F18+R6",-0.17308983206749,0,84.7606048583984,NA,NA,NA,"F18","R6",65,10,2,2,"16S_indexing","CTAATGATGG","GCGCGATGTT"
"C:/github/quantstudio/PCR2-xls/output/2023-05-11_list_for_pooling.csv","836","16S",2,3.1,"B1","2022-10-31_fieldtrip2_indexing_16S","2023-04-25_matilda_bay_fullplate_16S",0.778451561927795,42.8024317423503,83.2496388753255,NA,NA,NA,55,4,1,1,"agitated"," F1+R7",-0.0978506952524185,0,85.3334426879883,83.7440719604492,NA,NA,"F1","R7",65,10,2,2,"16S_indexing","TCGTGGAGCG","AGAGCACTAG"
"C:/github/quantstudio/PCR2-xls/output/2023-05-11_list_for_pooling.csv","837","16S",2,3.1,"B2","2022-10-31_fieldtrip2_indexing_16S","2023-04-27_matilda_bay_fullplate_16S_rerun",0.761708210610473,45.6117426554362,73.1039148966471,NA,NA,NA,55,4,1,1,"agitated","F2+R7",2.11173486709595,0,83.2508163452148,NA,NA,NA,"F2","R7",65,10,2,2,"16S_indexing","CTACAAGATA","AGAGCACTAG"
"C:/github/quantstudio/PCR2-xls/output/2023-05-11_list_for_pooling.csv","838","16S",1,5,"B3","2022-10-31_fieldtrip2_indexing_16S","2023-04-27_matilda_bay_fullplate_16S_rerun",0.0293217995980133,49.7510833740234,63.8206532796224,NA,NA,NA,55,4,1,1,"agitated","F3+R7",0.857219099998474,4.80423069000244,82.975944519043,93.1454772949219,NA,NA,"F3","R7",65,10,2,2,"16S_indexing","TATAGTAGCT","AGAGCACTAG"
"C:/github/quantstudio/PCR2-xls/output/2023-05-11_list_for_pooling.csv","839","16S",3,1.6,"B4","2022-10-31_fieldtrip2_indexing_16S","2023-04-25_matilda_bay_fullplate_16S",2.06605263551076,40.5690956115723,82.314936319987,NA,NA,NA,55,4,1,1,"filtered","F4+R7",1.31428503990173,0,85.3396759033203,83.1958236694336,NA,NA,"F4","R7",65,10,2,2,"16S_indexing","TGCCTGGTGG","AGAGCACTAG"
"C:/github/quantstudio/PCR2-xls/output/2023-05-11_list_for_pooling.csv","840","16S",2,3.1,"B5","2022-10-31_fieldtrip2_indexing_16S","2023-04-27_matilda_bay_fullplate_16S_rerun",1.30649693806966,38.8876673380534,84.3203481038411,NA,NA,NA,55,4,1,1,"filtered","F5+R7",-0.1383156478405,0,85.0477447509766,NA,NA,NA,"F5","R7",65,10,2,2,"16S_indexing","ACATTATCCT","AGAGCACTAG"
"C:/github/quantstudio/PCR2-xls/output/2023-05-11_list_for_pooling.csv","841","16S",3,1.6,"B6","2022-10-31_fieldtrip2_indexing_16S","2023-04-25_matilda_bay_fullplate_16S",2.06452373663584,40.5469741821289,83.2647806803385,NA,NA,NA,55,4,1,1,"filtered","F6+R7",1.94936370849609,0,85.1575927734375,82.9605865478516,NA,NA,"F6","R7",65,10,2,2,"16S_indexing","GTCCACTTGT","AGAGCACTAG"
"C:/github/quantstudio/PCR2-xls/output/2023-05-11_list_for_pooling.csv","842","16S",4,1.1,"B7","2022-10-31_fieldtrip2_indexing_16S","2023-04-25_matilda_bay_fullplate_16S",2.39967632293701,39.4137776692708,83.2694295247396,NA,NA,NA,55,4,1,1,"filtered","F7+R7",-0.0493371486663818,0,85.2006683349609,82.8951721191406,NA,NA,"F7","R7",65,10,2,2,"16S_indexing","TGGAACAGTA","AGAGCACTAG"
"C:/github/quantstudio/PCR2-xls/output/2023-05-11_list_for_pooling.csv","843","16S",1,5,"B8","2022-10-31_fieldtrip2_indexing_16S","2023-04-27_matilda_bay_fullplate_16S_rerun",0.347538123528163,44.3989626566569,84.1338094075521,NA,NA,NA,55,4,1,1,"filtered","F8+R7",-0.0757893845438957,0,85.2555618286133,NA,NA,NA,"F8","R7",65,10,2,2,"16S_indexing","CCTTGTTAAT","AGAGCACTAG"
"C:/github/quantstudio/PCR2-xls/output/2023-05-11_list_for_pooling.csv","844","16S",2,3.1,"B9","2022-10-31_fieldtrip2_indexing_16S","2023-04-27_matilda_bay_fullplate_16S_rerun",1.36802951494853,38.3185297648112,84.2835947672526,NA,NA,NA,55,4,1,1,"filtered","F9+R7",-0.137792691588402,0,85.5672836303711,NA,NA,NA,"F9","R7",65,10,2,2,"16S_indexing","GTTGATAGTG","AGAGCACTAG"
"C:/github/quantstudio/PCR2-xls/output/2023-05-11_list_for_pooling.csv","NTC_AJ","16S",1,5,"B10","2022-10-31_fieldtrip2_indexing_16S","2023-04-18_ammo_jetty_fullplate_16S",0.0613257566777367,50,55.9363759358724,NA,NA,NA,55,4,1,1,"pcr_control","F10+R7",0.172429487109184,7.67479753494263,83.8075408935547,90.7365264892578,76.8785552978516,NA,"F10","R7",65,10,2,2,"16S_indexing","ACCAGCGACA","AGAGCACTAG"
"C:/github/quantstudio/PCR2-xls/output/2023-05-11_list_for_pooling.csv","866","16S",1,5,"B11","2022-10-31_fieldtrip2_indexing_16S","2023-04-27_ammo_jetty_fullplate_16S_rerun",-0.0125997414191564,50,63.8383026123047,NA,NA,NA,55,4,1,1,"extraction_control","F11+R7",0.642613410949707,5.79516887664795,83.2785797119141,NA,NA,NA,"F11","R7",65,10,2,2,"16S_indexing","CATACACTGT","AGAGCACTAG"
"C:/github/quantstudio/PCR2-xls/output/2023-05-11_list_for_pooling.csv","865","16S",1,5,"B12","2022-10-31_fieldtrip2_indexing_16S","2023-04-27_ammo_jetty_fullplate_16S_rerun",0.0612482139840722,37.3747415542603,55.4598058064779,NA,NA,NA,55,4,1,1,"field_control","F12+R7",0.000634031661320478,0,66.5921020507812,NA,NA,NA,"F12","R7",65,10,2,2,"16S_indexing","GTGTGGCGCT","AGAGCACTAG"
"C:/github/quantstudio/PCR2-xls/output/2023-05-11_list_for_pooling.csv","847","16S",2,3.1,"C1","2022-10-31_fieldtrip2_indexing_16S","2023-05-03_final_reruns_pcr1",0.962657227103287,47.3437563578288,73.2871284484863,NA,NA,NA,55,4,1,1,"passive","F13+R7",-0.121002331376076,0,85.8815078735352,NA,NA,NA,"F13","R7",65,10,2,2,"16S_indexing","ATCACGAAGG","AGAGCACTAG"
"C:/github/quantstudio/PCR2-xls/output/2023-05-11_list_for_pooling.csv","848","16S",1,5,"C2","2022-10-31_fieldtrip2_indexing_16S","2023-04-18_ammo_jetty_fullplate_16S",0.011145788943395,50,55.6797269185384,NA,NA,NA,55,4,1,1,"passive","F14+R7",0.0723104849457741,0,66.2061309814453,NA,NA,NA,"F14","R7",65,10,2,2,"16S_indexing","CGGCTCTACT","AGAGCACTAG"
"C:/github/quantstudio/PCR2-xls/output/2023-05-11_list_for_pooling.csv","849","16S",2,3.1,"C3","2022-10-31_fieldtrip2_indexing_16S","2023-04-18_ammo_jetty_fullplate_16S",0.858006036529939,47.1638539632161,64.0592193603516,NA,NA,NA,55,4,1,1,"passive","F15+R7",-0.0714646056294441,0,83.4706802368164,NA,NA,NA,"F15","R7",65,10,2,2,"16S_indexing","GAATGCACGA","AGAGCACTAG"
"C:/github/quantstudio/PCR2-xls/output/2023-05-11_list_for_pooling.csv","850","16S",2,3.1,"C4","2022-10-31_fieldtrip2_indexing_16S","2023-04-18_ammo_jetty_fullplate_16S",0.939456128437694,47.0975875854492,65.1220957438151,NA,NA,NA,55,4,1,1,"passive","F16+R7",2.04503297805786,0,85.9993209838867,NA,NA,NA,"F16","R7",65,10,2,2,"16S_indexing","AAGACTATAG","AGAGCACTAG"
"C:/github/quantstudio/PCR2-xls/output/2023-05-11_list_for_pooling.csv","851","16S",1,5,"C5","2022-10-31_fieldtrip2_indexing_16S","2023-05-03_final_reruns_pcr1",0.139448680604497,49.9642130533854,63.6768061319987,NA,NA,NA,55,4,1,1,"passive x5 dil","F17+R7",0.82823371887207,5.10578298568726,83.015510559082,NA,NA,NA,"F17","R7",65,10,2,2,"16S_indexing","TCGGCAGCAA","AGAGCACTAG"
"C:/github/quantstudio/PCR2-xls/output/2023-05-11_list_for_pooling.csv","852","16S",2,3.1,"C6","2022-10-31_fieldtrip2_indexing_16S","2023-04-18_ammo_jetty_fullplate_16S",0.879304871739198,47.4240404764811,63.7840385437012,NA,NA,NA,55,4,1,1,"passive","F18+R7",1.97893381118774,0,84.0041656494141,NA,NA,NA,"F18","R7",65,10,2,2,"16S_indexing","CTAATGATGG","AGAGCACTAG"
"C:/github/quantstudio/PCR2-xls/output/2023-05-11_list_for_pooling.csv","853","16S",1,5,"C7","2022-10-31_fieldtrip2_indexing_16S","2023-04-27_ammo_jetty_fullplate_16S_rerun",0.733643938476842,47.2096684773763,65.0745646158854,NA,NA,NA,55,4,1,1,"agitated","F1+R8",1.90196585655212,0,87.2865982055664,NA,NA,NA,"F1","R8",65,10,2,2,"16S_indexing","TCGTGGAGCG","TGCCTTGATC"
"C:/github/quantstudio/PCR2-xls/output/2023-05-11_list_for_pooling.csv","854","16S",1,5,"C8","2022-10-31_fieldtrip2_indexing_16S","2023-04-18_ammo_jetty_fullplate_16S",0.633604826095203,47.6665789286296,72.7980740865072,NA,NA,NA,55,4,1,1,"agitated","F2+R8",1.38159584999084,0,83.3343124389648,NA,NA,NA,"F2","R8",65,10,2,2,"16S_indexing","CTACAAGATA","TGCCTTGATC"
"C:/github/quantstudio/PCR2-xls/output/2023-05-11_list_for_pooling.csv","855","16S",3,1.6,"C9","2022-10-31_fieldtrip2_indexing_16S","2023-04-27_ammo_jetty_fullplate_16S_rerun",1.61205075137938,44.1818199157715,73.6166559855143,NA,NA,NA,55,4,1,1,"agitated","F3+R8",-0.108304671943188,0,84.6324157714844,89.1417541503906,NA,NA,"F3","R8",65,10,2,2,"16S_indexing","TATAGTAGCT","TGCCTTGATC"
"C:/github/quantstudio/PCR2-xls/output/2023-05-11_list_for_pooling.csv","856","16S",2,3.1,"C10","2022-10-31_fieldtrip2_indexing_16S","2023-04-18_ammo_jetty_fullplate_16S",0.860854385653509,46.7081451416016,72.6935145060221,NA,NA,NA,55,4,1,1,"agitated","F4+R8",1.0091347694397,4.15878057479858,83.7525482177734,NA,NA,NA,"F4","R8",65,10,2,2,"16S_indexing","TGCCTGGTGG","TGCCTTGATC"
"C:/github/quantstudio/PCR2-xls/output/2023-05-11_list_for_pooling.csv","857","16S",1,5,"C11","2022-10-31_fieldtrip2_indexing_16S","2023-04-18_ammo_jetty_fullplate_16S",0.670168641877049,47.8272450764974,65.1711629231771,NA,NA,NA,55,4,1,1,"agitated","F5+R8",2.40473937988281,0,85.9681701660156,NA,NA,NA,"F5","R8",65,10,2,2,"16S_indexing","ACATTATCCT","TGCCTTGATC"
"C:/github/quantstudio/PCR2-xls/output/2023-05-11_list_for_pooling.csv","858","16S",4,1.1,"C12","2022-10-31_fieldtrip2_indexing_16S","2023-04-18_ammo_jetty_fullplate_16S",2.77071134249369,40.2796872456869,84.3852386474609,NA,NA,NA,55,4,1,1,"agitated","F6+R8",-0.21382363140583,0,86.023063659668,NA,NA,NA,"F6","R8",65,10,2,2,"16S_indexing","GTCCACTTGT","TGCCTTGATC"
"C:/github/quantstudio/PCR2-xls/output/2023-05-11_list_for_pooling.csv","859","16S",2,3.1,"D1","2022-10-31_fieldtrip2_indexing_16S","2023-04-27_ammo_jetty_fullplate_16S_rerun",0.869133949279785,44.6188011169433,84.2677663167318,NA,NA,NA,55,4,1,1,"filtered","F7+R8",-0.0714008808135986,0,84.9497985839844,NA,NA,NA,"F7","R8",65,10,2,2,"16S_indexing","TGGAACAGTA","TGCCTTGATC"
"C:/github/quantstudio/PCR2-xls/output/2023-05-11_list_for_pooling.csv","860","16S",4,1.1,"D2","2022-10-31_fieldtrip2_indexing_16S","2023-04-18_ammo_jetty_fullplate_16S",2.92644762992859,37.1258913675944,84.7196604410807,NA,NA,NA,55,4,1,1,"filtered","F8+R8",-0.147071018815041,0,85.9911193847656,NA,NA,NA,"F8","R8",65,10,2,2,"16S_indexing","CCTTGTTAAT","TGCCTTGATC"
"C:/github/quantstudio/PCR2-xls/output/2023-05-11_list_for_pooling.csv","861","16S",2,3.1,"D3","2022-10-31_fieldtrip2_indexing_16S","2023-04-27_ammo_jetty_fullplate_16S_rerun",0.932525342718386,45.4659614562988,75.2908668518066,NA,NA,NA,55,4,1,1,"filtered","F9+R8",-0.18293285369873,0,86.109260559082,NA,NA,NA,"F9","R8",65,10,2,2,"16S_indexing","GTTGATAGTG","TGCCTTGATC"
"C:/github/quantstudio/PCR2-xls/output/2023-05-11_list_for_pooling.csv","862","16S",2,3.1,"D4","2022-10-31_fieldtrip2_indexing_16S","2023-04-27_ammo_jetty_fullplate_16S_rerun",1.39337825775146,43.0225537618001,85.5298868815104,NA,NA,NA,55,4,1,1,"filtered","F10+R8",1.82229578495026,0,86.109260559082,NA,NA,NA,"F10","R8",65,10,2,2,"16S_indexing","ACCAGCGACA","TGCCTTGATC"
"C:/github/quantstudio/PCR2-xls/output/2023-05-11_list_for_pooling.csv","863","16S",2,3.1,"D5","2022-10-31_fieldtrip2_indexing_16S","2023-04-27_ammo_jetty_fullplate_16S_rerun",0.976140280564626,44.2950693766276,84.3964640299479,NA,NA,NA,55,4,1,1,"filtered","F11+R8",2.18061208724976,0,85.3772964477539,NA,NA,NA,"F11","R8",65,10,2,2,"16S_indexing","CATACACTGT","TGCCTTGATC"
"C:/github/quantstudio/PCR2-xls/output/2023-05-11_list_for_pooling.csv","864","16S",1,5,"D6","2022-10-31_fieldtrip2_indexing_16S","2023-04-18_ammo_jetty_fullplate_16S",0.501306851316864,48.1499773661296,65.1958452860514,NA,NA,NA,55,4,1,1,"filtered","F12+R8",1.45216250419617,0,86.1462554931641,NA,NA,NA,"F12","R8",65,10,2,2,"16S_indexing","GTGTGGCGCT","TGCCTTGATC"
