"Sample Name","CT","Delta Rn","Tm1","Tm2","Tm3","Tm4","Annealing_temperature(?C)","Primer_concentration_(uM)","Primer_volume","Primer_name","Sample_volume","Additional_comments","Well Position","filename","run_endtime","Well","Omit","Target Name","Task","Reporter","Quencher","Ct Mean","Ct SD","Quantity","Quantity Mean","Quantity SD","Y-Intercept","R(superscript 2)","Slope","Efficiency","Automatic Ct Threshold","Ct Threshold","Automatic Baseline","Baseline Start","Baseline End","Amp Status","Comments","Cq Conf","CQCONF","EXPFAIL","HIGHSD","OUTLIERRG","MTP"
"634","38.6426162719727","2.07938647270203","84.0389556884766","82.9979400634766","63.7666130065918","72.6974029541016","55","10","0.5","16S","4.4","sentino","A1","2022-07-19_fieldtrip2_16S_plate1","2022-10-05 16:48:41 PM AWST","1","FALSE","Target 1","UNKNOWN","SYBR","None","37.9202041625977","0.974649250507355","","","","","","","","TRUE","0.139996057769611","TRUE","3","34","Amp","55, 10, 0.5, 16S, 4.4, sentino","0.908036244632005","N","N","Y","N","Y"
"634","38.3063507080078","1.99671101570129","82.8883590698242","85.1347503662109","","","55","10","0.5","16S","4.4","sentino","A2","2022-07-19_fieldtrip2_16S_plate1","2022-10-05 16:48:41 PM AWST","2","FALSE","Target 1","UNKNOWN","SYBR","None","37.9202041625977","0.974649250507355","","","","","","","","TRUE","0.139996057769611","TRUE","3","34","Amp","55, 10, 0.5, 16S, 4.4, sentino","0.928720242796209","N","N","Y","N","Y"
"634","36.8116493225098","2.34690165519714","84.0785980224609","","","","55","10","0.5","16S","4.4","sentino","A3","2022-07-19_fieldtrip2_16S_plate1","2022-10-05 16:48:41 PM AWST","3","FALSE","Target 1","UNKNOWN","SYBR","None","37.9202041625977","0.974649250507355","","","","","","","","TRUE","0.139996057769611","TRUE","3","32","Amp","55, 10, 0.5, 16S, 4.4, sentino","0.935397912118319","N","N","Y","N","N"
"635","37.4512100219727","2.39749479293823","83.0891799926758","","","","55","10","0.5","16S","4.4","sentino","A4","2022-07-19_fieldtrip2_16S_plate1","2022-10-05 16:48:41 PM AWST","4","FALSE","Target 1","UNKNOWN","SYBR","None","38.0053901672363","0.783729076385498","","","","","","","","TRUE","0.139996057769611","TRUE","3","33","Amp","55, 10, 0.5, 16S, 4.4, sentino","0.939113830765292","N","N","Y","N","N"
"635","Undetermined","-0.0200683828443289","55.0004997253418","","","","55","10","0.5","16S","4.4","sentino","A5","2022-07-19_fieldtrip2_16S_plate1","2022-10-05 16:48:41 PM AWST","5","FALSE","Target 1","UNKNOWN","SYBR","None","38.0053901672363","0.783729076385498","","","","","","","","TRUE","0.139996057769611","TRUE","3","49","No Amp","55, 10, 0.5, 16S, 4.4, sentino","0","Y","Y","N","N","N"
"635","38.5595703125","2.22183537483215","83.0102310180664","","","","55","10","0.5","16S","4.4","sentino","A6","2022-07-19_fieldtrip2_16S_plate1","2022-10-05 16:48:41 PM AWST","6","FALSE","Target 1","UNKNOWN","SYBR","None","38.0053901672363","0.783729076385498","","","","","","","","TRUE","0.139996057769611","TRUE","3","34","Amp","55, 10, 0.5, 16S, 4.4, sentino","0.943415578449404","N","N","Y","N","N"
"636","35.9410438537598","2.37367796897888","85.6577606201172","83.2403106689453","","","55","10","0.5","16S","4.4","sentino","A7","2022-07-19_fieldtrip2_16S_plate1","2022-10-05 16:48:41 PM AWST","7","FALSE","Target 1","UNKNOWN","SYBR","None","36.4951820373535","0.730983376502991","","","","","","","","TRUE","0.139996057769611","TRUE","3","31","Amp","55, 10, 0.5, 16S, 4.4, sentino","0.977141219674631","N","N","Y","N","Y"
"636","36.2208633422852","2.12596106529236","85.6577606201172","59.8349151611328","","","55","10","0.5","16S","4.4","sentino","A8","2022-07-19_fieldtrip2_16S_plate1","2022-10-05 16:48:41 PM AWST","8","FALSE","Target 1","UNKNOWN","SYBR","None","36.4951820373535","0.730983376502991","","","","","","","","TRUE","0.139996057769611","TRUE","3","31","Amp","55, 10, 0.5, 16S, 4.4, sentino","0.983636129694039","N","N","Y","N","Y"
"636","37.3236465454102","2.59800028800964","85.6344146728516","","","","55","10","0.5","16S","4.4","sentino","A9","2022-07-19_fieldtrip2_16S_plate1","2022-10-05 16:48:41 PM AWST","9","FALSE","Target 1","UNKNOWN","SYBR","None","36.4951820373535","0.730983376502991","","","","","","","","TRUE","0.139996057769611","TRUE","3","32","Amp","55, 10, 0.5, 16S, 4.4, sentino","0.967640760131394","N","N","Y","N","N"
"637_WC","38.497688293457","2.23562216758728","71.8301696777344","93.3889923095703","69.9602737426758","63.8006134033203","55","10","0.5","16S","4.4","control_sentino","A10","2022-07-19_fieldtrip2_16S_plate1","2022-10-05 16:48:41 PM AWST","10","FALSE","Target 1","UNKNOWN","SYBR","None","37.6654624938965","1.17694497108459","","","","","","","","TRUE","0.139996057769611","TRUE","3","34","Amp","55, 10, 0.5, 16S, 4.4, control_sentino","0.915056416137612","N","N","Y","N","Y"
"637_WC","Undetermined","0.0817506462335587","55.1098403930664","","","","55","10","0.5","16S","4.4","control_sentino","A11","2022-07-19_fieldtrip2_16S_plate1","2022-10-05 16:48:41 PM AWST","11","FALSE","Target 1","UNKNOWN","SYBR","None","37.6654624938965","1.17694497108459","","","","","","","","TRUE","0.139996057769611","TRUE","3","45","No Amp","55, 10, 0.5, 16S, 4.4, control_sentino","0","Y","N","N","N","N"
"637_WC","36.8332366943359","2.30656480789185","81.3923797607422","58.6214942932129","86.1660308837891","77.441764831543","55","10","0.5","16S","4.4","control_sentino","A12","2022-07-19_fieldtrip2_16S_plate1","2022-10-05 16:48:41 PM AWST","12","FALSE","Target 1","UNKNOWN","SYBR","None","37.6654624938965","1.17694497108459","","","","","","","","TRUE","0.139996057769611","TRUE","3","32","Amp","55, 10, 0.5, 16S, 4.4, control_sentino","0.889814230825646","N","N","Y","N","Y"
"677","40.1486549377441","1.60573971271515","84.0389556884766","","","","55","10","0.5","16S","4.4","sentino","B1","2022-07-19_fieldtrip2_16S_plate1","2022-10-05 16:48:41 PM AWST","13","FALSE","Target 1","UNKNOWN","SYBR","None","40.7829093933105","1.7322918176651","","","","","","","","TRUE","0.139996057769611","TRUE","3","35","Amp","55, 10, 0.5, 16S, 4.4, sentino","0.920019562978453","N","N","Y","N","N"
"677","42.7429351806641","1.1644434928894","84.4224853515625","","","","55","10","0.5","16S","4.4","sentino","B2","2022-07-19_fieldtrip2_16S_plate1","2022-10-05 16:48:41 PM AWST","14","FALSE","Target 1","UNKNOWN","SYBR","None","40.7829093933105","1.7322918176651","","","","","","","","TRUE","0.139996057769611","TRUE","3","37","Amp","55, 10, 0.5, 16S, 4.4, sentino","0.890511418040854","N","N","Y","N","N"
"677","39.4571304321289","1.95157074928284","84.4084014892578","","","","55","10","0.5","16S","4.4","sentino","B3","2022-07-19_fieldtrip2_16S_plate1","2022-10-05 16:48:41 PM AWST","15","FALSE","Target 1","UNKNOWN","SYBR","None","40.7829093933105","1.7322918176651","","","","","","","","TRUE","0.139996057769611","TRUE","3","33","Amp","55, 10, 0.5, 16S, 4.4, sentino","0.948636048574746","N","N","Y","N","N"
"678","41.8992195129395","1.40404176712036","84.4633712768555","82.3746032714844","","","55","10","0.5","16S","4.4","sentino","B4","2022-07-19_fieldtrip2_16S_plate1","2022-10-05 16:48:41 PM AWST","16","FALSE","Target 1","UNKNOWN","SYBR","None","40.5112724304199","1.28341245651245","","","","","","","","TRUE","0.139996057769611","TRUE","3","37","Amp","55, 10, 0.5, 16S, 4.4, sentino","0.893602523186884","N","N","Y","N","Y"
"678","40.2671318054199","1.63446128368378","83.4496002197266","","","","55","10","0.5","16S","4.4","sentino","B5","2022-07-19_fieldtrip2_16S_plate1","2022-10-05 16:48:41 PM AWST","17","FALSE","Target 1","UNKNOWN","SYBR","None","40.5112724304199","1.28341245651245","","","","","","","","TRUE","0.139996057769611","TRUE","3","34","Amp","55, 10, 0.5, 16S, 4.4, sentino","0.945090248224859","N","N","Y","N","N"
"678","39.3674659729004","1.61653196811676","82.9553070068359","","","","55","10","0.5","16S","4.4","sentino","B6","2022-07-19_fieldtrip2_16S_plate1","2022-10-05 16:48:41 PM AWST","18","FALSE","Target 1","UNKNOWN","SYBR","None","40.5112724304199","1.28341245651245","","","","","","","","TRUE","0.139996057769611","TRUE","3","34","Amp","55, 10, 0.5, 16S, 4.4, sentino","0.947177625437972","N","N","Y","N","N"
"679","47.1841583251953","0.344805836677551","83.4051361083984","","","","55","10","0.5","16S","4.4","sentino","B7","2022-07-19_fieldtrip2_16S_plate1","2022-10-05 16:48:41 PM AWST","19","FALSE","Target 1","UNKNOWN","SYBR","None","42.9672546386719","3.65557909011841","","","","","","","","TRUE","0.139996057769611","TRUE","3","41","Amp","55, 10, 0.5, 16S, 4.4, sentino","0.797969181750681","Y","N","Y","N","N"
"679","40.6959037780762","1.8555725812912","85.3281097412109","","","","55","10","0.5","16S","4.4","sentino","B8","2022-07-19_fieldtrip2_16S_plate1","2022-10-05 16:48:41 PM AWST","20","FALSE","Target 1","UNKNOWN","SYBR","None","42.9672546386719","3.65557909011841","","","","","","","","TRUE","0.139996057769611","TRUE","3","35","Amp","55, 10, 0.5, 16S, 4.4, sentino","0.968284639327485","N","N","Y","N","N"
"679","41.0216941833496","1.74931454658508","83.764518737793","","","","55","10","0.5","16S","4.4","sentino","B9","2022-07-19_fieldtrip2_16S_plate1","2022-10-05 16:48:41 PM AWST","21","FALSE","Target 1","UNKNOWN","SYBR","None","42.9672546386719","3.65557909011841","","","","","","","","TRUE","0.139996057769611","TRUE","3","36","Amp","55, 10, 0.5, 16S, 4.4, sentino","0.928248235496341","N","N","Y","N","N"
"680_WC","Undetermined","0.138005986809731","55.7710571289062","","","","55","10","0.5","16S","4.4","control_sentino","B10","2022-07-19_fieldtrip2_16S_plate1","2022-10-05 16:48:41 PM AWST","22","FALSE","Target 1","UNKNOWN","SYBR","None","44.2526321411133","1.48399257659912","","","","","","","","TRUE","0.139996057769611","TRUE","3","5","No Amp","55, 10, 0.5, 16S, 4.4, control_sentino","0","Y","N","N","N","N"
"680_WC","45.3019714355469","0.935316681861877","65.9191513061523","93.408821105957","87.2085571289062","55.6585350036621","55","10","0.5","16S","4.4","control_sentino","B11","2022-07-19_fieldtrip2_16S_plate1","2022-10-05 16:48:41 PM AWST","23","FALSE","Target 1","UNKNOWN","SYBR","None","44.2526321411133","1.48399257659912","","","","","","","","TRUE","0.139996057769611","TRUE","3","39","Amp","55, 10, 0.5, 16S, 4.4, control_sentino","0.819476274961358","N","N","Y","N","Y"
"680_WC","43.2032890319824","1.62132620811462","79.8560256958008","77.8807220458984","73.0522003173828","71.3512420654297","55","10","0.5","16S","4.4","control_sentino","B12","2022-07-19_fieldtrip2_16S_plate1","2022-10-05 16:48:41 PM AWST","24","FALSE","Target 1","UNKNOWN","SYBR","None","44.2526321411133","1.48399257659912","","","","","","","","TRUE","0.139996057769611","TRUE","3","38","Amp","55, 10, 0.5, 16S, 4.4, control_sentino","0.839446252215579","N","N","Y","N","Y"
"682","44.2650871276855","1.18462765216827","83.7102127075195","","","","55","10","0.5","16S","4.4","sentino","C1","2022-07-19_fieldtrip2_16S_plate1","2022-10-05 16:48:41 PM AWST","25","FALSE","Target 1","UNKNOWN","SYBR","None","42.9354591369629","2.30449867248535","","","","","","","","TRUE","0.139996057769611","TRUE","3","39","Amp","55, 10, 0.5, 16S, 4.4, sentino","0.901773248002648","N","N","Y","N","N"
"682","40.2744522094727","1.89784872531891","84.3676910400391","","","","55","10","0.5","16S","4.4","sentino","C2","2022-07-19_fieldtrip2_16S_plate1","2022-10-05 16:48:41 PM AWST","26","FALSE","Target 1","UNKNOWN","SYBR","None","42.9354591369629","2.30449867248535","","","","","","","","TRUE","0.139996057769611","TRUE","3","36","Amp","55, 10, 0.5, 16S, 4.4, sentino","0.957248097401433","N","N","Y","Y","N"
"682","44.2668342590332","1.03921437263489","83.8037567138672","","","","55","10","0.5","16S","4.4","sentino","C3","2022-07-19_fieldtrip2_16S_plate1","2022-10-05 16:48:41 PM AWST","27","FALSE","Target 1","UNKNOWN","SYBR","None","42.9354591369629","2.30449867248535","","","","","","","","TRUE","0.139996057769611","TRUE","3","38","Amp","55, 10, 0.5, 16S, 4.4, sentino","0.9056831466986","N","N","Y","N","N"
"683","43.1421051025391","1.51598083972931","79.626220703125","","","","55","10","0.5","16S","4.4","sentino","C4","2022-07-19_fieldtrip2_16S_plate1","2022-10-05 16:48:41 PM AWST","28","FALSE","Target 1","UNKNOWN","SYBR","None","43.1421051025391","","","","","","","","","TRUE","0.139996057769611","TRUE","3","38","Amp","55, 10, 0.5, 16S, 4.4, sentino","0.945785701789944","N","N","N","N","N"
"683","Undetermined","0.000322580337524414","55.7693939208984","","","","55","10","0.5","16S","4.4","sentino","C5","2022-07-19_fieldtrip2_16S_plate1","2022-10-05 16:48:41 PM AWST","29","FALSE","Target 1","UNKNOWN","SYBR","None","43.1421051025391","","","","","","","","","TRUE","0.139996057769611","TRUE","3","10","No Amp","55, 10, 0.5, 16S, 4.4, sentino","0","Y","N","N","N","N"
"683","Undetermined","-0.0387596972286701","55.0004997253418","","","","55","10","0.5","16S","4.4","sentino","C6","2022-07-19_fieldtrip2_16S_plate1","2022-10-05 16:48:41 PM AWST","30","FALSE","Target 1","UNKNOWN","SYBR","None","43.1421051025391","","","","","","","","","TRUE","0.139996057769611","TRUE","3","28","No Amp","55, 10, 0.5, 16S, 4.4, sentino","0","Y","N","N","N","N"
"684","44.9193458557129","0.816493928432465","84.119384765625","79.669059753418","","","55","10","0.5","16S","4.4","sentino","C7","2022-07-19_fieldtrip2_16S_plate1","2022-10-05 16:48:41 PM AWST","31","FALSE","Target 1","UNKNOWN","SYBR","None","42.6483955383301","2.21126914024353","","","","","","","","TRUE","0.139996057769611","TRUE","3","39","Amp","55, 10, 0.5, 16S, 4.4, sentino","0.954354194155477","N","N","Y","N","Y"
"684","42.5237655639648","1.3386857509613","84.3940887451172","","","","55","10","0.5","16S","4.4","sentino","C8","2022-07-19_fieldtrip2_16S_plate1","2022-10-05 16:48:41 PM AWST","32","FALSE","Target 1","UNKNOWN","SYBR","None","42.6483955383301","2.21126914024353","","","","","","","","TRUE","0.139996057769611","TRUE","3","37","Amp","55, 10, 0.5, 16S, 4.4, sentino","0.946051836327563","N","N","Y","N","N"
"684","40.5020790100098","1.82601487636566","84.3694839477539","","","","55","10","0.5","16S","4.4","sentino","C9","2022-07-19_fieldtrip2_16S_plate1","2022-10-05 16:48:41 PM AWST","33","FALSE","Target 1","UNKNOWN","SYBR","None","42.6483955383301","2.21126914024353","","","","","","","","TRUE","0.139996057769611","TRUE","3","36","Amp","55, 10, 0.5, 16S, 4.4, sentino","0.964257062175192","N","N","Y","N","N"
"685_WC","49.6505393981934","0.159505367279053","87.2293243408203","85.5794219970703","64.0755996704102","72.3251495361328","55","10","0.5","16S","4.4","control_sentino","C10","2022-07-19_fieldtrip2_16S_plate1","2022-10-05 16:48:41 PM AWST","34","FALSE","Target 1","UNKNOWN","SYBR","None","47.4739990234375","2.17941474914551","","","","","","","","TRUE","0.139996057769611","TRUE","3","44","Inconclusive","55, 10, 0.5, 16S, 4.4, control_sentino","0","Y","N","Y","N","Y"
"685_WC","45.2917213439941","1.08868503570557","80.9534225463867","","","","55","10","0.5","16S","4.4","control_sentino","C11","2022-07-19_fieldtrip2_16S_plate1","2022-10-05 16:48:41 PM AWST","35","FALSE","Target 1","UNKNOWN","SYBR","None","47.4739990234375","2.17941474914551","","","","","","","","TRUE","0.139996057769611","TRUE","3","41","Amp","55, 10, 0.5, 16S, 4.4, control_sentino","0.831708234371236","N","N","Y","N","N"
"685_WC","47.4797401428223","0.465930610895157","81.5569839477539","75.5762023925781","71.8450622558594","","55","10","0.5","16S","4.4","control_sentino","C12","2022-07-19_fieldtrip2_16S_plate1","2022-10-05 16:48:41 PM AWST","36","FALSE","Target 1","UNKNOWN","SYBR","None","47.4739990234375","2.17941474914551","","","","","","","","TRUE","0.139996057769611","TRUE","3","43","Inconclusive","55, 10, 0.5, 16S, 4.4, control_sentino","0.583251046514982","Y","N","Y","N","Y"
"686","39.2699508666992","1.70644688606262","84.4772720336914","","","","55","10","0.5","16S","4.4","sentino","D1","2022-07-19_fieldtrip2_16S_plate1","2022-10-05 16:48:41 PM AWST","37","FALSE","Target 1","UNKNOWN","SYBR","None","39.4925270080566","0.668160617351532","","","","","","","","TRUE","0.139996057769611","TRUE","3","33","Amp","55, 10, 0.5, 16S, 4.4, sentino","0.975493113318486","N","N","Y","N","N"
"686","40.2435646057129","1.64486181735992","84.4224853515625","68.1498260498047","76.9162368774414","64.5336761474609","55","10","0.5","16S","4.4","sentino","D2","2022-07-19_fieldtrip2_16S_plate1","2022-10-05 16:48:41 PM AWST","38","FALSE","Target 1","UNKNOWN","SYBR","None","39.4925270080566","0.668160617351532","","","","","","","","TRUE","0.139996057769611","TRUE","3","34","Amp","55, 10, 0.5, 16S, 4.4, sentino","0.94697159014273","N","N","Y","N","Y"
"686","38.9640579223633","1.63496994972229","84.3534393310547","76.4930572509766","82.979248046875","59.0133438110352","55","10","0.5","16S","4.4","sentino","D3","2022-07-19_fieldtrip2_16S_plate1","2022-10-05 16:48:41 PM AWST","39","FALSE","Target 1","UNKNOWN","SYBR","None","39.4925270080566","0.668160617351532","","","","","","","","TRUE","0.139996057769611","TRUE","3","33","Amp","55, 10, 0.5, 16S, 4.4, sentino","0.948834956029446","N","N","Y","N","Y"
"687","40.8944282531738","1.75599944591522","84.4084014892578","","","","55","10","0.5","16S","4.4","sentino","D4","2022-07-19_fieldtrip2_16S_plate1","2022-10-05 16:48:41 PM AWST","40","FALSE","Target 1","UNKNOWN","SYBR","None","41.479419708252","1.13909351825714","","","","","","","","TRUE","0.139996057769611","TRUE","3","36","Amp","55, 10, 0.5, 16S, 4.4, sentino","0.921599740667917","N","N","Y","N","N"
"687","42.7921485900879","1.27602624893188","84.4931030273438","","","","55","10","0.5","16S","4.4","sentino","D5","2022-07-19_fieldtrip2_16S_plate1","2022-10-05 16:48:41 PM AWST","41","FALSE","Target 1","UNKNOWN","SYBR","None","41.479419708252","1.13909351825714","","","","","","","","TRUE","0.139996057769611","TRUE","3","37","Amp","55, 10, 0.5, 16S, 4.4, sentino","0.889770356901171","N","N","Y","N","N"
"687","40.7516860961914","1.54626166820526","82.9553070068359","84.3283386230469","","","55","10","0.5","16S","4.4","sentino","D6","2022-07-19_fieldtrip2_16S_plate1","2022-10-05 16:48:41 PM AWST","42","FALSE","Target 1","UNKNOWN","SYBR","None","41.479419708252","1.13909351825714","","","","","","","","TRUE","0.139996057769611","TRUE","3","36","Amp","55, 10, 0.5, 16S, 4.4, sentino","0.966096360805134","N","N","Y","N","Y"
"688","39.9183082580566","2.14667367935181","83.1304244995117","","","","55","10","0.5","16S","4.4","sentino","D7","2022-07-19_fieldtrip2_16S_plate1","2022-10-05 16:48:41 PM AWST","43","FALSE","Target 1","UNKNOWN","SYBR","None","41.8116798400879","2.80066847801208","","","","","","","","TRUE","0.139996057769611","TRUE","3","32","Amp","55, 10, 0.5, 16S, 4.4, sentino","0.964514691377646","N","N","Y","N","N"
"688","45.0288505554199","0.863200604915619","82.4711151123047","","","","55","10","0.5","16S","4.4","sentino","D8","2022-07-19_fieldtrip2_16S_plate1","2022-10-05 16:48:41 PM AWST","44","FALSE","Target 1","UNKNOWN","SYBR","None","41.8116798400879","2.80066847801208","","","","","","","","TRUE","0.139996057769611","TRUE","3","39","Amp","55, 10, 0.5, 16S, 4.4, sentino","0.892392569253227","N","N","Y","N","N"
"688","40.4878807067871","1.92558968067169","83.049560546875","","","","55","10","0.5","16S","4.4","sentino","D9","2022-07-19_fieldtrip2_16S_plate1","2022-10-05 16:48:41 PM AWST","45","FALSE","Target 1","UNKNOWN","SYBR","None","41.8116798400879","2.80066847801208","","","","","","","","TRUE","0.139996057769611","TRUE","3","35","Amp","55, 10, 0.5, 16S, 4.4, sentino","0.972826272231917","N","N","Y","N","N"
"689_WC","48.4724884033203","0.269681483507156","86.8443450927734","75.6249694824219","85.4144287109375","88.8242416381836","55","10","0.5","16S","4.4","control_sentino","D10","2022-07-19_fieldtrip2_16S_plate1","2022-10-05 16:48:41 PM AWST","46","FALSE","Target 1","UNKNOWN","SYBR","None","45.8915824890137","3.59825968742371","","","","","","","","TRUE","0.139996057769611","TRUE","3","43","Inconclusive","55, 10, 0.5, 16S, 4.4, control_sentino","0.215417587134621","Y","N","Y","N","Y"
"689_WC","41.7812576293945","2.04162096977234","79.9657669067383","","","","55","10","0.5","16S","4.4","control_sentino","D11","2022-07-19_fieldtrip2_16S_plate1","2022-10-05 16:48:41 PM AWST","47","FALSE","Target 1","UNKNOWN","SYBR","None","45.8915824890137","3.59825968742371","","","","","","","","TRUE","0.139996057769611","TRUE","3","37","Amp","55, 10, 0.5, 16S, 4.4, control_sentino","0.902699491334869","N","N","Y","N","N"
"689_WC","47.4209938049316","0.450454980134964","80.2949829101562","69.2113265991211","62.3526268005371","56.8107948303223","55","10","0.5","16S","4.4","control_sentino","D12","2022-07-19_fieldtrip2_16S_plate1","2022-10-05 16:48:41 PM AWST","48","FALSE","Target 1","UNKNOWN","SYBR","None","45.8915824890137","3.59825968742371","","","","","","","","TRUE","0.139996057769611","TRUE","3","42","Inconclusive","55, 10, 0.5, 16S, 4.4, control_sentino","0.619935209742746","Y","N","Y","N","Y"
"690","Undetermined","0.00110878853593022","55.0001983642578","","","","55","10","0.5","16S","4.4","sentino","E1","2022-07-19_fieldtrip2_16S_plate1","2022-10-05 16:48:41 PM AWST","49","FALSE","Target 1","UNKNOWN","SYBR","None","43.866771697998","","","","","","","","","TRUE","0.139996057769611","TRUE","3","49","No Amp","55, 10, 0.5, 16S, 4.4, sentino","0","Y","Y","N","N","N"
"690","43.866771697998","0.700466156005859","84.2033233642578","","","","55","10","0.5","16S","4.4","sentino","E2","2022-07-19_fieldtrip2_16S_plate1","2022-10-05 16:48:41 PM AWST","50","FALSE","Target 1","UNKNOWN","SYBR","None","43.866771697998","","","","","","","","","TRUE","0.139996057769611","TRUE","3","37","Amp","55, 10, 0.5, 16S, 4.4, sentino","0.938491456701623","N","N","N","N","N"
"690","Undetermined","-0.00745575921609998","55.6053466796875","","","","55","10","0.5","16S","4.4","sentino","E3","2022-07-19_fieldtrip2_16S_plate1","2022-10-05 16:48:41 PM AWST","51","FALSE","Target 1","UNKNOWN","SYBR","None","43.866771697998","","","","","","","","","TRUE","0.139996057769611","TRUE","3","49","No Amp","55, 10, 0.5, 16S, 4.4, sentino","0","Y","Y","N","N","N"
"691","40.7912292480469","1.59684646129608","84.0785980224609","","","","55","10","0.5","16S","4.4","sentino","E4","2022-07-19_fieldtrip2_16S_plate1","2022-10-05 16:48:41 PM AWST","52","FALSE","Target 1","UNKNOWN","SYBR","None","41.0764656066895","0.384828835725784","","","","","","","","TRUE","0.139996057769611","TRUE","3","34","Amp","55, 10, 0.5, 16S, 4.4, sentino","0.924229637790183","N","N","N","N","N"
"691","41.5141677856445","1.43179249763489","82.4610214233398","","","","55","10","0.5","16S","4.4","sentino","E5","2022-07-19_fieldtrip2_16S_plate1","2022-10-05 16:48:41 PM AWST","53","FALSE","Target 1","UNKNOWN","SYBR","None","41.0764656066895","0.384828835725784","","","","","","","","TRUE","0.139996057769611","TRUE","3","36","Amp","55, 10, 0.5, 16S, 4.4, sentino","0.954692822715074","N","N","N","N","N"
"691","40.9240074157715","1.58308565616608","84.2734146118164","","","","55","10","0.5","16S","4.4","sentino","E6","2022-07-19_fieldtrip2_16S_plate1","2022-10-05 16:48:41 PM AWST","54","FALSE","Target 1","UNKNOWN","SYBR","None","41.0764656066895","0.384828835725784","","","","","","","","TRUE","0.139996057769611","TRUE","3","36","Amp","55, 10, 0.5, 16S, 4.4, sentino","0.980930368590118","N","N","N","N","N"
"692","42.0249404907227","1.48139798641205","84.0644378662109","","","","55","10","0.5","16S","4.4","sentino","E7","2022-07-19_fieldtrip2_16S_plate1","2022-10-05 16:48:41 PM AWST","55","FALSE","Target 1","UNKNOWN","SYBR","None","43.0335845947266","2.21038961410522","","","","","","","","TRUE","0.139996057769611","TRUE","3","36","Amp","55, 10, 0.5, 16S, 4.4, sentino","0.959993882355085","N","N","Y","N","N"
"692","45.5683746337891","0.760555982589722","84.723747253418","","","","55","10","0.5","16S","4.4","sentino","E8","2022-07-19_fieldtrip2_16S_plate1","2022-10-05 16:48:41 PM AWST","56","FALSE","Target 1","UNKNOWN","SYBR","None","43.0335845947266","2.21038961410522","","","","","","","","TRUE","0.139996057769611","TRUE","3","39","Amp","55, 10, 0.5, 16S, 4.4, sentino","0.842712651956879","N","N","Y","N","N"
"692","41.507438659668","1.36660647392273","79.859733581543","","","","55","10","0.5","16S","4.4","sentino","E9","2022-07-19_fieldtrip2_16S_plate1","2022-10-05 16:48:41 PM AWST","57","FALSE","Target 1","UNKNOWN","SYBR","None","43.0335845947266","2.21038961410522","","","","","","","","TRUE","0.139996057769611","TRUE","3","36","Amp","55, 10, 0.5, 16S, 4.4, sentino","0.964535421745145","N","N","Y","N","N"
"693_WC","43.2760963439941","1.3744238615036","79.6397399902344","","","","55","10","0.5","16S","4.4","control_sentino","E10","2022-07-19_fieldtrip2_16S_plate1","2022-10-05 16:48:41 PM AWST","58","FALSE","Target 1","UNKNOWN","SYBR","None","41.3536376953125","2.71876430511475","","","","","","","","TRUE","0.139996057769611","TRUE","3","39","Amp","55, 10, 0.5, 16S, 4.4, control_sentino","0.904184655132603","N","N","Y","N","N"
"693_WC","39.4311828613281","2.08604526519775","80.1852416992188","","","","55","10","0.5","16S","4.4","control_sentino","E11","2022-07-19_fieldtrip2_16S_plate1","2022-10-05 16:48:41 PM AWST","59","FALSE","Target 1","UNKNOWN","SYBR","None","41.3536376953125","2.71876430511475","","","","","","","","TRUE","0.139996057769611","TRUE","3","35","Amp","55, 10, 0.5, 16S, 4.4, control_sentino","0.909473640755097","N","N","Y","N","N"
"693_WC","Undetermined","0.012385887093842","55.0000991821289","","","","55","10","0.5","16S","4.4","control_sentino","E12","2022-07-19_fieldtrip2_16S_plate1","2022-10-05 16:48:41 PM AWST","60","FALSE","Target 1","UNKNOWN","SYBR","None","41.3536376953125","2.71876430511475","","","","","","","","TRUE","0.139996057769611","TRUE","3","49","No Amp","55, 10, 0.5, 16S, 4.4, control_sentino","0","Y","Y","N","N","N"
"694","42.5925216674805","1.53890705108643","83.8745803833008","","","","55","10","0.5","16S","4.4","sentino","F1","2022-07-19_fieldtrip2_16S_plate1","2022-10-05 16:48:41 PM AWST","61","FALSE","Target 1","UNKNOWN","SYBR","None","43.3552436828613","2.56302332878113","","","","","","","","TRUE","0.139996057769611","TRUE","3","36","Amp","55, 10, 0.5, 16S, 4.4, sentino","0.914634364419195","N","N","Y","N","N"
"694","46.2130546569824","0.561195433139801","81.9021377563477","83.6006317138672","93.4080581665039","68.6977233886719","55","10","0.5","16S","4.4","sentino","F2","2022-07-19_fieldtrip2_16S_plate1","2022-10-05 16:48:41 PM AWST","62","FALSE","Target 1","UNKNOWN","SYBR","None","43.3552436828613","2.56302332878113","","","","","","","","TRUE","0.139996057769611","TRUE","3","40","Amp","55, 10, 0.5, 16S, 4.4, sentino","0.919782816645797","N","N","Y","N","Y"
"694","41.2601661682129","1.95312547683716","84.2434997558594","","","","55","10","0.5","16S","4.4","sentino","F3","2022-07-19_fieldtrip2_16S_plate1","2022-10-05 16:48:41 PM AWST","63","FALSE","Target 1","UNKNOWN","SYBR","None","43.3552436828613","2.56302332878113","","","","","","","","TRUE","0.139996057769611","TRUE","3","36","Amp","55, 10, 0.5, 16S, 4.4, sentino","0.981788422636942","N","N","Y","N","N"
"695","Undetermined","0.0525504648685455","81.0553741455078","72.3704833984375","67.3134613037109","76.9877700805664","55","10","0.5","16S","4.4","sentino","F4","2022-07-19_fieldtrip2_16S_plate1","2022-10-05 16:48:41 PM AWST","64","FALSE","Target 1","UNKNOWN","SYBR","None","43.1427993774414","0.250493884086609","","","","","","","","TRUE","0.139996057769611","TRUE","3","45","No Amp","55, 10, 0.5, 16S, 4.4, sentino","0","Y","N","N","N","Y"
"695","42.9656715393066","1.18672597408295","84.1086502075195","81.8568878173828","","","55","10","0.5","16S","4.4","sentino","F5","2022-07-19_fieldtrip2_16S_plate1","2022-10-05 16:48:41 PM AWST","65","FALSE","Target 1","UNKNOWN","SYBR","None","43.1427993774414","0.250493884086609","","","","","","","","TRUE","0.139996057769611","TRUE","3","36","Amp","55, 10, 0.5, 16S, 4.4, sentino","0.925962633905227","N","N","N","N","Y"
"695","43.3199234008789","1.16051757335663","82.6807098388672","","","","55","10","0.5","16S","4.4","sentino","F6","2022-07-19_fieldtrip2_16S_plate1","2022-10-05 16:48:41 PM AWST","66","FALSE","Target 1","UNKNOWN","SYBR","None","43.1427993774414","0.250493884086609","","","","","","","","TRUE","0.139996057769611","TRUE","3","39","Amp","55, 10, 0.5, 16S, 4.4, sentino","0.902033013647924","N","N","N","N","N"
"696","44.3321113586426","0.740549683570862","84.2292633056641","82.3612289428711","63.0215682983398","","55","10","0.5","16S","4.4","sentino","F7","2022-07-19_fieldtrip2_16S_plate1","2022-10-05 16:48:41 PM AWST","67","FALSE","Target 1","UNKNOWN","SYBR","None","42.9754638671875","1.18730545043945","","","","","","","","TRUE","0.139996057769611","TRUE","3","39","Amp","55, 10, 0.5, 16S, 4.4, sentino","0.882664293711485","N","N","Y","N","Y"
"696","42.1259002685547","1.04471802711487","84.119384765625","","","","55","10","0.5","16S","4.4","sentino","F8","2022-07-19_fieldtrip2_16S_plate1","2022-10-05 16:48:41 PM AWST","68","FALSE","Target 1","UNKNOWN","SYBR","None","42.9754638671875","1.18730545043945","","","","","","","","TRUE","0.139996057769611","TRUE","3","36","Amp","55, 10, 0.5, 16S, 4.4, sentino","0.917250988697725","N","N","Y","N","N"
"696","42.468376159668","1.01363122463226","84.2594909667969","82.7195739746094","","","55","10","0.5","16S","4.4","sentino","F9","2022-07-19_fieldtrip2_16S_plate1","2022-10-05 16:48:41 PM AWST","69","FALSE","Target 1","UNKNOWN","SYBR","None","42.9754638671875","1.18730545043945","","","","","","","","TRUE","0.139996057769611","TRUE","3","36","Amp","55, 10, 0.5, 16S, 4.4, sentino","0.906197328512889","N","N","Y","N","Y"
"697_WC","37.9792900085449","2.14124631881714","79.5847473144531","77.7148513793945","56.1560363769531","59.9508247375488","55","10","0.5","16S","4.4","control_sentino","F10","2022-07-19_fieldtrip2_16S_plate1","2022-10-05 16:48:41 PM AWST","70","FALSE","Target 1","UNKNOWN","SYBR","None","38.9753112792969","0.94548487663269","","","","","","","","TRUE","0.139996057769611","TRUE","3","34","Amp","55, 10, 0.5, 16S, 4.4, control_sentino","0.899823021011858","N","N","Y","N","Y"
"697_WC","39.8604888916016","2.22140026092529","77.8258514404297","79.9108963012695","58.0727958679199","60.4321899414062","55","10","0.5","16S","4.4","control_sentino","F11","2022-07-19_fieldtrip2_16S_plate1","2022-10-05 16:48:41 PM AWST","71","FALSE","Target 1","UNKNOWN","SYBR","None","38.9753112792969","0.94548487663269","","","","","","","","TRUE","0.139996057769611","TRUE","3","35","Amp","55, 10, 0.5, 16S, 4.4, control_sentino","0.903518876474635","N","N","Y","N","Y"
"697_WC","39.0861511230469","2.26593613624573","80.2401123046875","77.3868942260742","","","55","10","0.5","16S","4.4","control_sentino","F12","2022-07-19_fieldtrip2_16S_plate1","2022-10-05 16:48:41 PM AWST","72","FALSE","Target 1","UNKNOWN","SYBR","None","38.9753112792969","0.94548487663269","","","","","","","","TRUE","0.139996057769611","TRUE","3","34","Amp","55, 10, 0.5, 16S, 4.4, control_sentino","0.899897316094944","N","N","Y","N","Y"
"702","38.3273277282715","2.3631534576416","84.3129043579102","","","","55","10","0.5","16S","4.4","sentino","G1","2022-07-19_fieldtrip2_16S_plate1","2022-10-05 16:48:41 PM AWST","73","FALSE","Target 1","UNKNOWN","SYBR","None","39.5025520324707","1.34076833724976","","","","","","","","TRUE","0.139996057769611","TRUE","3","32","Amp","55, 10, 0.5, 16S, 4.4, sentino","0.945821890846341","N","N","Y","N","N"
"702","39.2173614501953","2.24023747444153","84.3129043579102","","","","55","10","0.5","16S","4.4","sentino","G2","2022-07-19_fieldtrip2_16S_plate1","2022-10-05 16:48:41 PM AWST","74","FALSE","Target 1","UNKNOWN","SYBR","None","39.5025520324707","1.34076833724976","","","","","","","","TRUE","0.139996057769611","TRUE","3","34","Amp","55, 10, 0.5, 16S, 4.4, sentino","0.979582747179394","N","N","Y","N","N"
"702","40.9629745483398","1.707848072052","84.1885375976562","","","","55","10","0.5","16S","4.4","sentino","G3","2022-07-19_fieldtrip2_16S_plate1","2022-10-05 16:48:41 PM AWST","75","FALSE","Target 1","UNKNOWN","SYBR","None","39.5025520324707","1.34076833724976","","","","","","","","TRUE","0.139996057769611","TRUE","3","35","Amp","55, 10, 0.5, 16S, 4.4, sentino","0.913796862263963","N","N","Y","N","N"
"703","43.8007736206055","1.01434230804443","83.8587265014648","","","","55","10","0.5","16S","4.4","sentino","G4","2022-07-19_fieldtrip2_16S_plate1","2022-10-05 16:48:41 PM AWST","76","FALSE","Target 1","UNKNOWN","SYBR","None","42.4605560302734","1.16382157802582","","","","","","","","TRUE","0.139996057769611","TRUE","3","38","Amp","55, 10, 0.5, 16S, 4.4, sentino","0.839522140414192","N","N","Y","N","N"
"703","41.7047538757324","1.61807358264923","84.1086502075195","","","","55","10","0.5","16S","4.4","sentino","G5","2022-07-19_fieldtrip2_16S_plate1","2022-10-05 16:48:41 PM AWST","77","FALSE","Target 1","UNKNOWN","SYBR","None","42.4605560302734","1.16382157802582","","","","","","","","TRUE","0.139996057769611","TRUE","3","36","Amp","55, 10, 0.5, 16S, 4.4, sentino","0.903639318527914","N","N","Y","N","N"
"703","41.8761405944824","1.54478073120117","84.1086502075195","","","","55","10","0.5","16S","4.4","sentino","G6","2022-07-19_fieldtrip2_16S_plate1","2022-10-05 16:48:41 PM AWST","78","FALSE","Target 1","UNKNOWN","SYBR","None","42.4605560302734","1.16382157802582","","","","","","","","TRUE","0.139996057769611","TRUE","3","35","Amp","55, 10, 0.5, 16S, 4.4, sentino","0.904276313242282","N","N","Y","N","N"
"704","Undetermined","-0.0498096346855164","55","","","","55","10","0.5","16S","4.4","sentino","G7","2022-07-19_fieldtrip2_16S_plate1","2022-10-05 16:48:41 PM AWST","79","FALSE","Target 1","UNKNOWN","SYBR","None","44.3772087097168","","","","","","","","","TRUE","0.139996057769611","TRUE","3","27","No Amp","55, 10, 0.5, 16S, 4.4, sentino","0","Y","N","N","N","N"
"704","44.3772087097168","0.147051155567169","55","","","","55","10","0.5","16S","4.4","sentino","G8","2022-07-19_fieldtrip2_16S_plate1","2022-10-05 16:48:41 PM AWST","80","FALSE","Target 1","UNKNOWN","SYBR","None","44.3772087097168","","","","","","","","","TRUE","0.139996057769611","TRUE","3","4","No Amp","55, 10, 0.5, 16S, 4.4, sentino","0.0151995415050072","Y","N","N","N","N"
"704","Undetermined","-0.00924783200025558","55.0010986328125","","","","55","10","0.5","16S","4.4","sentino","G9","2022-07-19_fieldtrip2_16S_plate1","2022-10-05 16:48:41 PM AWST","81","FALSE","Target 1","UNKNOWN","SYBR","None","44.3772087097168","","","","","","","","","TRUE","0.139996057769611","TRUE","3","49","No Amp","55, 10, 0.5, 16S, 4.4, sentino","0","Y","Y","N","N","N"
"705_WC","41.4128570556641","1.90666341781616","79.6947402954102","","","","55","10","0.5","16S","4.4","control_sentino","G10","2022-07-19_fieldtrip2_16S_plate1","2022-10-05 16:48:41 PM AWST","82","FALSE","Target 1","UNKNOWN","SYBR","None","44.221263885498","3.97168707847595","","","","","","","","TRUE","0.139996057769611","TRUE","3","36","Amp","55, 10, 0.5, 16S, 4.4, control_sentino","0.91133049736544","N","N","Y","N","N"
"705_WC","Undetermined","-0.0174082405865192","55.0000991821289","","","","55","10","0.5","16S","4.4","control_sentino","G11","2022-07-19_fieldtrip2_16S_plate1","2022-10-05 16:48:41 PM AWST","83","FALSE","Target 1","UNKNOWN","SYBR","None","44.221263885498","3.97168707847595","","","","","","","","TRUE","0.139996057769611","TRUE","3","49","No Amp","55, 10, 0.5, 16S, 4.4, control_sentino","0","Y","Y","N","N","N"
"705_WC","47.029670715332","0.553795158863068","69.4856719970703","91.7627258300781","76.783332824707","66.2483673095703","55","10","0.5","16S","4.4","control_sentino","G12","2022-07-19_fieldtrip2_16S_plate1","2022-10-05 16:48:41 PM AWST","84","FALSE","Target 1","UNKNOWN","SYBR","None","44.221263885498","3.97168707847595","","","","","","","","TRUE","0.139996057769611","TRUE","3","42","Inconclusive","55, 10, 0.5, 16S, 4.4, control_sentino","0.708873431975635","Y","N","Y","N","Y"
"710","41.7709655761719","1.43890881538391","84.0389556884766","","","","55","10","0.5","16S","4.4","sentino","H1","2022-07-19_fieldtrip2_16S_plate1","2022-10-05 16:48:41 PM AWST","85","FALSE","Target 1","UNKNOWN","SYBR","None","42.6939353942871","1.59983551502228","","","","","","","","TRUE","0.139996057769611","TRUE","3","36","Amp","55, 10, 0.5, 16S, 4.4, sentino","0.941992144871729","N","N","Y","N","N"
"710","41.7695693969727","1.53703963756561","80.9159164428711","83.9841613769531","92.2574691772461","61.191478729248","55","10","0.5","16S","4.4","sentino","H2","2022-07-19_fieldtrip2_16S_plate1","2022-10-05 16:48:41 PM AWST","86","FALSE","Target 1","UNKNOWN","SYBR","None","42.6939353942871","1.59983551502228","","","","","","","","TRUE","0.139996057769611","TRUE","3","35","Amp","55, 10, 0.5, 16S, 4.4, sentino","0.947734913997368","N","N","Y","N","Y"
"710","44.5412635803223","0.691001057624817","83.9136962890625","","","","55","10","0.5","16S","4.4","sentino","H3","2022-07-19_fieldtrip2_16S_plate1","2022-10-05 16:48:41 PM AWST","87","FALSE","Target 1","UNKNOWN","SYBR","None","42.6939353942871","1.59983551502228","","","","","","","","TRUE","0.139996057769611","TRUE","3","39","Amp","55, 10, 0.5, 16S, 4.4, sentino","0.917088562568354","N","N","Y","Y","N"
"711","Undetermined","-0.0107485558837652","55.0007019042969","","","","55","10","0.5","16S","4.4","sentino","H4","2022-07-19_fieldtrip2_16S_plate1","2022-10-05 16:48:41 PM AWST","88","FALSE","Target 1","UNKNOWN","SYBR","None","","","","","","","","","","TRUE","0.139996057769611","TRUE","3","49","No Amp","55, 10, 0.5, 16S, 4.4, sentino","0","Y","Y","N","N","N"
"711","Undetermined","-0.0142973968759179","55.0004997253418","","","","55","10","0.5","16S","4.4","sentino","H5","2022-07-19_fieldtrip2_16S_plate1","2022-10-05 16:48:41 PM AWST","89","FALSE","Target 1","UNKNOWN","SYBR","None","","","","","","","","","","TRUE","0.139996057769611","TRUE","3","49","No Amp","55, 10, 0.5, 16S, 4.4, sentino","0","Y","Y","N","N","N"
"711","Undetermined","-0.00961643364280462","55.9890785217285","","","","55","10","0.5","16S","4.4","sentino","H6","2022-07-19_fieldtrip2_16S_plate1","2022-10-05 16:48:41 PM AWST","90","FALSE","Target 1","UNKNOWN","SYBR","None","","","","","","","","","","TRUE","0.139996057769611","TRUE","3","49","No Amp","55, 10, 0.5, 16S, 4.4, sentino","0","Y","Y","N","N","N"
"712","35.3633804321289","2.86449193954468","84.4490356445312","","","","55","10","0.5","16S","4.4","sentino","H7","2022-07-19_fieldtrip2_16S_plate1","2022-10-05 16:48:41 PM AWST","91","FALSE","Target 1","UNKNOWN","SYBR","None","35.7500419616699","0.552422523498535","","","","","","","","TRUE","0.139996057769611","TRUE","3","28","Amp","55, 10, 0.5, 16S, 4.4, sentino","0.990366058347821","N","N","Y","N","N"
"712","36.3827362060547","2.79989624023438","84.3940887451172","","","","55","10","0.5","16S","4.4","sentino","H8","2022-07-19_fieldtrip2_16S_plate1","2022-10-05 16:48:41 PM AWST","92","FALSE","Target 1","UNKNOWN","SYBR","None","35.7500419616699","0.552422523498535","","","","","","","","TRUE","0.139996057769611","TRUE","3","32","Amp","55, 10, 0.5, 16S, 4.4, sentino","0.988713914329958","N","N","Y","N","N"
"712","35.5040092468262","2.83688402175903","84.4794769287109","","","","55","10","0.5","16S","4.4","sentino","H9","2022-07-19_fieldtrip2_16S_plate1","2022-10-05 16:48:41 PM AWST","93","FALSE","Target 1","UNKNOWN","SYBR","None","35.7500419616699","0.552422523498535","","","","","","","","TRUE","0.139996057769611","TRUE","3","29","Amp","55, 10, 0.5, 16S, 4.4, sentino","0.979063320287709","N","N","Y","N","N"
"BLANK03","47.621410369873","0.44709312915802","81.1796569824219","60.9407730102539","73.7550659179688","57.6959495544434","55","10","0.5","16S","4.4","control_PCR","H10","2022-07-19_fieldtrip2_16S_plate1","2022-10-05 16:48:41 PM AWST","94","FALSE","Target 1","UNKNOWN","SYBR","None","44.253662109375","2.92629098892212","","","","","","","","TRUE","0.139996057769611","TRUE","3","43","Inconclusive","55, 10, 0.5, 16S, 4.4, control_PCR","0.631120284055521","Y","N","Y","N","Y"
"BLANK03","42.8082885742188","1.96011972427368","81.0082855224609","","","","55","10","0.5","16S","4.4","control_PCR","H11","2022-07-19_fieldtrip2_16S_plate1","2022-10-05 16:48:41 PM AWST","95","FALSE","Target 1","UNKNOWN","SYBR","None","44.253662109375","2.92629098892212","","","","","","","","TRUE","0.139996057769611","TRUE","3","37","Amp","55, 10, 0.5, 16S, 4.4, control_PCR","0.89900264027954","N","N","Y","N","N"
"BLANK03","42.3312873840332","2.17205595970154","80.2949829101562","","","","55","10","0.5","16S","4.4","control_PCR","H12","2022-07-19_fieldtrip2_16S_plate1","2022-10-05 16:48:41 PM AWST","96","FALSE","Target 1","UNKNOWN","SYBR","None","44.253662109375","2.92629098892212","","","","","","","","TRUE","0.139996057769611","TRUE","3","37","Amp","55, 10, 0.5, 16S, 4.4, control_PCR","0.854959634089135","N","N","Y","N","N"
