"Sample Name","CT","Delta Rn","Tm1","Tm2","Tm3","Tm4","Annealing_temperature(?C)","Primer_concentration_(uM)","Primer_volume","Primer_name","Sample_volume","Additional_comments","Well Position","filename","run_endtime","Well","Omit","Target Name","Task","Reporter","Quencher","Ct Mean","Ct SD","Quantity","Quantity Mean","Quantity SD","Y-Intercept","R(superscript 2)","Slope","Efficiency","Automatic Ct Threshold","Ct Threshold","Automatic Baseline","Baseline Start","Baseline End","Amp Status","Comments","Cq Conf","CQCONF","HIGHSD","OUTLIERRG","MTP"
"713_WC","38.5998344421387","2.26866745948792","81.8202056884766","","","","55","10","0.5","16SNEST","4.4","control_sentino","A1","2022-10-24_fieldtrip2_16SNEST_plate2","2022-10-24 17:31:49 PM AWST","1","FALSE","Target 1","UNKNOWN","SYBR","None","36.6382141113281","1.85085606575012","","","","","","","","TRUE","0.0812147714869981","TRUE","3","35","Amp","55, 10, 0.5, 16SNEST, 4.4, control_sentino","0.87375368428267","N","Y","N","N"
"713_WC","36.3920440673828","2.35508513450623","80.9426651000977","","","","55","10","0.5","16SNEST","4.4","control_sentino","A2","2022-10-24_fieldtrip2_16SNEST_plate2","2022-10-24 17:31:49 PM AWST","2","FALSE","Target 1","UNKNOWN","SYBR","None","36.6382141113281","1.85085606575012","","","","","","","","TRUE","0.0812147714869981","TRUE","3","31","Amp","55, 10, 0.5, 16SNEST, 4.4, control_sentino","0.783299106001358","Y","Y","N","N"
"713_WC","34.9227600097656","2.57035875320435","81.1113433837891","","","","55","10","0.5","16SNEST","4.4","control_sentino","A3","2022-10-24_fieldtrip2_16SNEST_plate2","2022-10-24 17:31:49 PM AWST","3","FALSE","Target 1","UNKNOWN","SYBR","None","36.6382141113281","1.85085606575012","","","","","","","","TRUE","0.0812147714869981","TRUE","3","30","Amp","55, 10, 0.5, 16SNEST, 4.4, control_sentino","0.811234493369787","N","Y","N","N"
"714","34.3498191833496","0.598131954669952","81.2759094238281","87.5294418334961","93.8378295898438","74.8578109741211","55","10","0.5","16SNEST","4.4","sentino","A4","2022-10-24_fieldtrip2_16SNEST_plate2","2022-10-24 17:31:49 PM AWST","4","FALSE","Target 1","UNKNOWN","SYBR","None","34.2753105163574","0.340900540351868","","","","","","","","TRUE","0.0812147714869981","TRUE","3","30","Amp","55, 10, 0.5, 16SNEST, 4.4, sentino","0.948408839332555","N","N","N","Y"
"714","33.9033164978027","0.5771244764328","80.4977798461914","60.3193664550781","57.0294036865234","91.4643096923828","55","10","0.5","16SNEST","4.4","sentino","A5","2022-10-24_fieldtrip2_16SNEST_plate2","2022-10-24 17:31:49 PM AWST","5","FALSE","Target 1","UNKNOWN","SYBR","None","34.2753105163574","0.340900540351868","","","","","","","","TRUE","0.0812147714869981","TRUE","3","29","Amp","55, 10, 0.5, 16SNEST, 4.4, sentino","0.955432458036277","N","N","N","Y"
"714","34.5727920532227","0.524849534034729","81.3751068115234","","","","55","10","0.5","16SNEST","4.4","sentino","A6","2022-10-24_fieldtrip2_16SNEST_plate2","2022-10-24 17:31:49 PM AWST","6","FALSE","Target 1","UNKNOWN","SYBR","None","34.2753105163574","0.340900540351868","","","","","","","","TRUE","0.0812147714869981","TRUE","3","29","Amp","55, 10, 0.5, 16SNEST, 4.4, sentino","0.948477477192937","N","N","N","N"
"715","31.426290512085","2.16115403175354","80.9962463378906","83.6287231445312","","","55","10","0.5","16SNEST","4.4","sentino","A7","2022-10-24_fieldtrip2_16SNEST_plate2","2022-10-24 17:31:49 PM AWST","7","FALSE","Target 1","UNKNOWN","SYBR","None","31.7392444610596","0.288674771785736","","","","","","","","TRUE","0.0812147714869981","TRUE","3","28","Amp","55, 10, 0.5, 16SNEST, 4.4, sentino","0.987566935058524","N","N","N","Y"
"715","31.7963333129883","2.02206659317017","81.160774230957","","","","55","10","0.5","16SNEST","4.4","sentino","A8","2022-10-24_fieldtrip2_16SNEST_plate2","2022-10-24 17:31:49 PM AWST","8","FALSE","Target 1","UNKNOWN","SYBR","None","31.7392444610596","0.288674771785736","","","","","","","","TRUE","0.0812147714869981","TRUE","3","27","Amp","55, 10, 0.5, 16SNEST, 4.4, sentino","0.987098072531082","N","N","N","N"
"715","31.9951095581055","2.36586666107178","83.1982269287109","81.3329772949219","91.4272766113281","87.4224700927734","55","10","0.5","16SNEST","4.4","sentino","A9","2022-10-24_fieldtrip2_16SNEST_plate2","2022-10-24 17:31:49 PM AWST","9","FALSE","Target 1","UNKNOWN","SYBR","None","31.7392444610596","0.288674771785736","","","","","","","","TRUE","0.0812147714869981","TRUE","3","29","Amp","55, 10, 0.5, 16SNEST, 4.4, sentino","0.98619203616309","N","N","N","Y"
"716","32.6551399230957","1.08154141902924","80.8940887451172","68.0019073486328","86.3252716064453","64.2714004516602","55","10","0.5","16SNEST","4.4","sentino","A10","2022-10-24_fieldtrip2_16SNEST_plate2","2022-10-24 17:31:49 PM AWST","10","FALSE","Target 1","UNKNOWN","SYBR","None","32.6243934631348","0.0275914669036865","","","","","","","","TRUE","0.0812147714869981","TRUE","3","29","Amp","55, 10, 0.5, 16SNEST, 4.4, sentino","0.988293533276084","N","N","N","Y"
"716","32.6017875671387","1.09819972515106","80.9923248291016","74.5898590087891","87.8325653076172","61.8943672180176","55","10","0.5","16SNEST","4.4","sentino","A11","2022-10-24_fieldtrip2_16SNEST_plate2","2022-10-24 17:31:49 PM AWST","11","FALSE","Target 1","UNKNOWN","SYBR","None","32.6243934631348","0.0275914669036865","","","","","","","","TRUE","0.0812147714869981","TRUE","3","29","Amp","55, 10, 0.5, 16SNEST, 4.4, sentino","0.955528374965989","N","N","N","Y"
"716","32.6162567138672","1.14943993091583","80.8281555175781","90.7875518798828","67.6401672363281","70.2668228149414","55","10","0.5","16SNEST","4.4","sentino","A12","2022-10-24_fieldtrip2_16SNEST_plate2","2022-10-24 17:31:49 PM AWST","12","FALSE","Target 1","UNKNOWN","SYBR","None","32.6243934631348","0.0275914669036865","","","","","","","","TRUE","0.0812147714869981","TRUE","3","29","Amp","55, 10, 0.5, 16SNEST, 4.4, sentino","0.952405106125908","N","N","N","Y"
"717_WC","42.5749893188477","0.269777357578278","81.1620483398438","","","","55","10","0.5","16SNEST","4.4","control_sentino","B1","2022-10-24_fieldtrip2_16SNEST_plate2","2022-10-24 17:31:49 PM AWST","13","FALSE","Target 1","UNKNOWN","SYBR","None","40.9455947875977","2.50099968910217","","","","","","","","TRUE","0.0812147714869981","TRUE","3","37","No Amp","55, 10, 0.5, 16SNEST, 4.4, control_sentino","0.869612453676898","N","Y","N","N"
"717_WC","42.1957931518555","0.247071757912636","81.1620483398438","","","","55","10","0.5","16SNEST","4.4","control_sentino","B2","2022-10-24_fieldtrip2_16SNEST_plate2","2022-10-24 17:31:49 PM AWST","14","FALSE","Target 1","UNKNOWN","SYBR","None","40.9455947875977","2.50099968910217","","","","","","","","TRUE","0.0812147714869981","TRUE","3","38","No Amp","55, 10, 0.5, 16SNEST, 4.4, control_sentino","0.892857035876888","N","Y","N","N"
"717_WC","38.0659980773926","0.319216698408127","81.4404754638672","","","","55","10","0.5","16SNEST","4.4","control_sentino","B3","2022-10-24_fieldtrip2_16SNEST_plate2","2022-10-24 17:31:49 PM AWST","15","FALSE","Target 1","UNKNOWN","SYBR","None","40.9455947875977","2.50099968910217","","","","","","","","TRUE","0.0812147714869981","TRUE","3","34","No Amp","55, 10, 0.5, 16SNEST, 4.4, control_sentino","0.859047064112295","N","Y","N","N"
"718","32.8387145996094","2.60703158378601","82.7570114135742","","","","55","10","0.5","16SNEST","4.4","sentino","B4","2022-10-24_fieldtrip2_16SNEST_plate2","2022-10-24 17:31:49 PM AWST","16","FALSE","Target 1","UNKNOWN","SYBR","None","31.4434432983398","1.27563941478729","","","","","","","","TRUE","0.0812147714869981","TRUE","3","29","Amp","55, 10, 0.5, 16SNEST, 4.4, sentino","0.94837654142808","N","Y","N","N"
"718","31.1546688079834","2.80221796035767","83.1845779418945","","","","55","10","0.5","16SNEST","4.4","sentino","B5","2022-10-24_fieldtrip2_16SNEST_plate2","2022-10-24 17:31:49 PM AWST","17","FALSE","Target 1","UNKNOWN","SYBR","None","31.4434432983398","1.27563941478729","","","","","","","","TRUE","0.0812147714869981","TRUE","3","28","Amp","55, 10, 0.5, 16SNEST, 4.4, sentino","0.954475998935035","N","Y","N","N"
"718","30.3369445800781","2.66834187507629","82.4717559814453","92.2319641113281","","","55","10","0.5","16SNEST","4.4","sentino","B6","2022-10-24_fieldtrip2_16SNEST_plate2","2022-10-24 17:31:49 PM AWST","18","FALSE","Target 1","UNKNOWN","SYBR","None","31.4434432983398","1.27563941478729","","","","","","","","TRUE","0.0812147714869981","TRUE","3","26","Amp","55, 10, 0.5, 16SNEST, 4.4, sentino","0.967283955155697","N","Y","N","Y"
"719","35.6190605163574","0.792941749095917","82.4221725463867","59.9912414550781","68.875862121582","75.8409729003906","55","10","0.5","16SNEST","4.4","sentino","B7","2022-10-24_fieldtrip2_16SNEST_plate2","2022-10-24 17:31:49 PM AWST","19","FALSE","Target 1","UNKNOWN","SYBR","None","36.0297584533691","0.437135368585587","","","","","","","","TRUE","0.0812147714869981","TRUE","3","31","Amp","55, 10, 0.5, 16SNEST, 4.4, sentino","0.932488824305204","N","N","N","Y"
"719","35.9809761047363","0.777976214885712","83.0802917480469","90.5389862060547","66.078857421875","92.2939758300781","55","10","0.5","16SNEST","4.4","sentino","B8","2022-10-24_fieldtrip2_16SNEST_plate2","2022-10-24 17:31:49 PM AWST","20","FALSE","Target 1","UNKNOWN","SYBR","None","36.0297584533691","0.437135368585587","","","","","","","","TRUE","0.0812147714869981","TRUE","3","32","Amp","55, 10, 0.5, 16SNEST, 4.4, sentino","0.946499544023467","N","N","N","Y"
"719","36.4892387390137","0.847841203212738","81.9364395141602","","","","55","10","0.5","16SNEST","4.4","sentino","B9","2022-10-24_fieldtrip2_16SNEST_plate2","2022-10-24 17:31:49 PM AWST","21","FALSE","Target 1","UNKNOWN","SYBR","None","36.0297584533691","0.437135368585587","","","","","","","","TRUE","0.0812147714869981","TRUE","3","32","Amp","55, 10, 0.5, 16SNEST, 4.4, sentino","0.935815968134421","N","N","N","N"
"720","31.4063396453857","2.45043921470642","81.9364395141602","68.7699508666992","70.5803451538086","92.6342086791992","55","10","0.5","16SNEST","4.4","sentino","B10","2022-10-24_fieldtrip2_16SNEST_plate2","2022-10-24 17:31:49 PM AWST","22","FALSE","Target 1","UNKNOWN","SYBR","None","32.3395080566406","0.842203378677368","","","","","","","","TRUE","0.0812147714869981","TRUE","3","28","Amp","55, 10, 0.5, 16SNEST, 4.4, sentino","0.969337815274897","N","Y","N","Y"
"720","32.5690155029297","2.40847873687744","81.4848251342773","","","","55","10","0.5","16SNEST","4.4","sentino","B11","2022-10-24_fieldtrip2_16SNEST_plate2","2022-10-24 17:31:49 PM AWST","23","FALSE","Target 1","UNKNOWN","SYBR","None","32.3395080566406","0.842203378677368","","","","","","","","TRUE","0.0812147714869981","TRUE","3","29","Amp","55, 10, 0.5, 16SNEST, 4.4, sentino","0.953998681139513","N","Y","N","N"
"720","33.0431671142578","2.43203401565552","82.9075927734375","","","","55","10","0.5","16SNEST","4.4","sentino","B12","2022-10-24_fieldtrip2_16SNEST_plate2","2022-10-24 17:31:49 PM AWST","24","FALSE","Target 1","UNKNOWN","SYBR","None","32.3395080566406","0.842203378677368","","","","","","","","TRUE","0.0812147714869981","TRUE","3","28","Amp","55, 10, 0.5, 16SNEST, 4.4, sentino","0.915521202997014","N","Y","N","N"
"721_WC","29.3819713592529","1.59812247753143","80.7781295776367","","","","55","10","0.5","16SNEST","4.4","control_sentino","C1","2022-10-24_fieldtrip2_16SNEST_plate2","2022-10-24 17:31:49 PM AWST","25","FALSE","Target 1","UNKNOWN","SYBR","None","28.5581588745117","0.982526123523712","","","","","","","","TRUE","0.0812147714869981","TRUE","3","25","Amp","55, 10, 0.5, 16SNEST, 4.4, control_sentino","0.924779212674987","N","Y","N","N"
"721_WC","28.8217964172363","1.61138308048248","80.8878173828125","","","","55","10","0.5","16SNEST","4.4","control_sentino","C2","2022-10-24_fieldtrip2_16SNEST_plate2","2022-10-24 17:31:49 PM AWST","26","FALSE","Target 1","UNKNOWN","SYBR","None","28.5581588745117","0.982526123523712","","","","","","","","TRUE","0.0812147714869981","TRUE","3","25","Amp","55, 10, 0.5, 16SNEST, 4.4, control_sentino","0.91705406806916","N","Y","N","N"
"721_WC","27.4707107543945","1.60407423973083","80.8370666503906","","","","55","10","0.5","16SNEST","4.4","control_sentino","C3","2022-10-24_fieldtrip2_16SNEST_plate2","2022-10-24 17:31:49 PM AWST","27","FALSE","Target 1","UNKNOWN","SYBR","None","28.5581588745117","0.982526123523712","","","","","","","","TRUE","0.0812147714869981","TRUE","3","24","Amp","55, 10, 0.5, 16SNEST, 4.4, control_sentino","0.916344827709812","N","Y","N","N"
"726","32.9669799804688","2.0581636428833","80.7822113037109","67.836296081543","58.7851295471191","84.5672454833984","55","10","0.5","16SNEST","4.4","sentino","C4","2022-10-24_fieldtrip2_16SNEST_plate2","2022-10-24 17:31:49 PM AWST","28","FALSE","Target 1","UNKNOWN","SYBR","None","32.5498886108398","0.721838772296906","","","","","","","","TRUE","0.0812147714869981","TRUE","3","29","Amp","55, 10, 0.5, 16SNEST, 4.4, sentino","0.980501527684021","N","Y","N","Y"
"726","32.9663047790527","2.02429509162903","82.1975936889648","91.2998123168945","69.9150772094727","59.0033798217773","55","10","0.5","16SNEST","4.4","sentino","C5","2022-10-24_fieldtrip2_16SNEST_plate2","2022-10-24 17:31:49 PM AWST","29","FALSE","Target 1","UNKNOWN","SYBR","None","32.5498886108398","0.721838772296906","","","","","","","","TRUE","0.0812147714869981","TRUE","3","28","Amp","55, 10, 0.5, 16SNEST, 4.4, sentino","0.984580336426223","N","Y","N","Y"
"726","31.716381072998","2.03624939918518","81.9782638549805","57.4132347106934","70.0247421264648","","55","10","0.5","16SNEST","4.4","sentino","C6","2022-10-24_fieldtrip2_16SNEST_plate2","2022-10-24 17:31:49 PM AWST","30","FALSE","Target 1","UNKNOWN","SYBR","None","32.5498886108398","0.721838772296906","","","","","","","","TRUE","0.0812147714869981","TRUE","3","28","Amp","55, 10, 0.5, 16SNEST, 4.4, sentino","0.977512979864563","N","Y","Y","Y"
"727","32.2491798400879","2.23785185813904","81.4898376464844","64.3787078857422","61.8559188842773","68.4919586181641","55","10","0.5","16SNEST","4.4","sentino","C7","2022-10-24_fieldtrip2_16SNEST_plate2","2022-10-24 17:31:49 PM AWST","31","FALSE","Target 1","UNKNOWN","SYBR","None","33.0594673156738","1.02003943920135","","","","","","","","TRUE","0.0812147714869981","TRUE","3","29","Amp","55, 10, 0.5, 16SNEST, 4.4, sentino","0.962831045871608","N","Y","N","Y"
"727","34.2049217224121","2.41993021965027","83.2996673583984","81.7092132568359","62.3495063781738","93.1714630126953","55","10","0.5","16SNEST","4.4","sentino","C8","2022-10-24_fieldtrip2_16SNEST_plate2","2022-10-24 17:31:49 PM AWST","32","FALSE","Target 1","UNKNOWN","SYBR","None","33.0594673156738","1.02003943920135","","","","","","","","TRUE","0.0812147714869981","TRUE","3","30","Amp","55, 10, 0.5, 16SNEST, 4.4, sentino","0.960286302061328","N","Y","N","Y"
"727","32.7243118286133","2.32301926612854","82.7593460083008","","","","55","10","0.5","16SNEST","4.4","sentino","C9","2022-10-24_fieldtrip2_16SNEST_plate2","2022-10-24 17:31:49 PM AWST","33","FALSE","Target 1","UNKNOWN","SYBR","None","33.0594673156738","1.02003943920135","","","","","","","","TRUE","0.0812147714869981","TRUE","3","29","Amp","55, 10, 0.5, 16SNEST, 4.4, sentino","0.969336536457471","N","Y","N","N"
"728","34.4093894958496","2.74069881439209","82.2656021118164","","","","55","10","0.5","16SNEST","4.4","sentino","C10","2022-10-24_fieldtrip2_16SNEST_plate2","2022-10-24 17:31:49 PM AWST","34","FALSE","Target 1","UNKNOWN","SYBR","None","33.7214469909668","0.696508169174194","","","","","","","","TRUE","0.0812147714869981","TRUE","3","31","Amp","55, 10, 0.5, 16SNEST, 4.4, sentino","0.95894344606643","N","Y","N","N"
"728","33.0166778564453","2.33757948875427","81.7037124633789","","","","55","10","0.5","16SNEST","4.4","sentino","C11","2022-10-24_fieldtrip2_16SNEST_plate2","2022-10-24 17:31:49 PM AWST","35","FALSE","Target 1","UNKNOWN","SYBR","None","33.7214469909668","0.696508169174194","","","","","","","","TRUE","0.0812147714869981","TRUE","3","29","Amp","55, 10, 0.5, 16SNEST, 4.4, sentino","0.791431813537288","Y","Y","N","N"
"728","33.7382659912109","2.68772006034851","82.1962127685547","","","","55","10","0.5","16SNEST","4.4","sentino","C12","2022-10-24_fieldtrip2_16SNEST_plate2","2022-10-24 17:31:49 PM AWST","36","FALSE","Target 1","UNKNOWN","SYBR","None","33.7214469909668","0.696508169174194","","","","","","","","TRUE","0.0812147714869981","TRUE","3","29","Amp","55, 10, 0.5, 16SNEST, 4.4, sentino","0.943343033471668","N","Y","N","N"
"729_WC","31.6438636779785","2.61956429481506","80.5038986206055","83.1365203857422","","","55","10","0.5","16SNEST","4.4","control_sentino","D1","2022-10-24_fieldtrip2_16SNEST_plate2","2022-10-24 17:31:49 PM AWST","37","FALSE","Target 1","UNKNOWN","SYBR","None","32.013427734375","0.626319646835327","","","","","","","","TRUE","0.0812147714869981","TRUE","3","28","Amp","55, 10, 0.5, 16SNEST, 4.4, control_sentino","0.923455449459686","N","Y","N","Y"
"729_WC","32.7365798950195","2.46703267097473","83.3010559082031","80.7781295776367","64.4888000488281","","55","10","0.5","16SNEST","4.4","control_sentino","D2","2022-10-24_fieldtrip2_16SNEST_plate2","2022-10-24 17:31:49 PM AWST","38","FALSE","Target 1","UNKNOWN","SYBR","None","32.013427734375","0.626319646835327","","","","","","","","TRUE","0.0812147714869981","TRUE","3","27","Amp","55, 10, 0.5, 16SNEST, 4.4, control_sentino","0.914246043189082","N","Y","Y","Y"
"729_WC","31.6598377227783","2.56995987892151","80.7273559570312","83.3604202270508","","","55","10","0.5","16SNEST","4.4","control_sentino","D3","2022-10-24_fieldtrip2_16SNEST_plate2","2022-10-24 17:31:49 PM AWST","39","FALSE","Target 1","UNKNOWN","SYBR","None","32.013427734375","0.626319646835327","","","","","","","","TRUE","0.0812147714869981","TRUE","3","27","Amp","55, 10, 0.5, 16SNEST, 4.4, control_sentino","0.929211384969057","N","Y","N","Y"
"730","35.5877952575684","2.51507067680359","83.2507095336914","87.4745864868164","","","55","10","0.5","16SNEST","4.4","sentino","D4","2022-10-24_fieldtrip2_16SNEST_plate2","2022-10-24 17:31:49 PM AWST","40","FALSE","Target 1","UNKNOWN","SYBR","None","34.3686790466309","1.15022361278534","","","","","","","","TRUE","0.0812147714869981","TRUE","3","32","Amp","55, 10, 0.5, 16SNEST, 4.4, sentino","0.921563563242613","N","Y","N","Y"
"730","33.3026885986328","2.34937405586243","82.2524261474609","","","","55","10","0.5","16SNEST","4.4","sentino","D5","2022-10-24_fieldtrip2_16SNEST_plate2","2022-10-24 17:31:49 PM AWST","41","FALSE","Target 1","UNKNOWN","SYBR","None","34.3686790466309","1.15022361278534","","","","","","","","TRUE","0.0812147714869981","TRUE","3","29","Amp","55, 10, 0.5, 16SNEST, 4.4, sentino","0.931397051888694","N","Y","N","N"
"730","34.2155494689941","2.35663986206055","82.8007507324219","","","","55","10","0.5","16SNEST","4.4","sentino","D6","2022-10-24_fieldtrip2_16SNEST_plate2","2022-10-24 17:31:49 PM AWST","42","FALSE","Target 1","UNKNOWN","SYBR","None","34.3686790466309","1.15022361278534","","","","","","","","TRUE","0.0812147714869981","TRUE","3","30","Amp","55, 10, 0.5, 16SNEST, 4.4, sentino","0.936842866500306","N","Y","N","N"
"731","32.8135604858398","2.82472777366638","82.2027969360352","","","","55","10","0.5","16SNEST","4.4","sentino","D7","2022-10-24_fieldtrip2_16SNEST_plate2","2022-10-24 17:31:49 PM AWST","43","FALSE","Target 1","UNKNOWN","SYBR","None","34.0736808776855","1.38483715057373","","","","","","","","TRUE","0.0812147714869981","TRUE","3","29","Amp","55, 10, 0.5, 16SNEST, 4.4, sentino","0.968608469309845","N","Y","N","N"
"731","35.5562934875488","2.8242290019989","81.8737411499023","84.9449615478516","","","55","10","0.5","16SNEST","4.4","sentino","D8","2022-10-24_fieldtrip2_16SNEST_plate2","2022-10-24 17:31:49 PM AWST","44","FALSE","Target 1","UNKNOWN","SYBR","None","34.0736808776855","1.38483715057373","","","","","","","","TRUE","0.0812147714869981","TRUE","3","31","Amp","55, 10, 0.5, 16SNEST, 4.4, sentino","0.940583254470402","N","Y","N","Y"
"731","33.8511848449707","2.79015874862671","83.3628082275391","","","","55","10","0.5","16SNEST","4.4","sentino","D9","2022-10-24_fieldtrip2_16SNEST_plate2","2022-10-24 17:31:49 PM AWST","45","FALSE","Target 1","UNKNOWN","SYBR","None","34.0736808776855","1.38483715057373","","","","","","","","TRUE","0.0812147714869981","TRUE","3","30","Amp","55, 10, 0.5, 16SNEST, 4.4, sentino","0.958570428952625","N","Y","N","N"
"732","34.6070518493652","1.74959063529968","83.8565521240234","80.2357635498047","","","55","10","0.5","16SNEST","4.4","sentino","D10","2022-10-24_fieldtrip2_16SNEST_plate2","2022-10-24 17:31:49 PM AWST","46","FALSE","Target 1","UNKNOWN","SYBR","None","33.8558311462402","1.03122806549072","","","","","","","","TRUE","0.0812147714869981","TRUE","3","31","Amp","55, 10, 0.5, 16SNEST, 4.4, sentino","0.963254315838697","N","Y","N","Y"
"732","32.6801071166992","1.70095920562744","82.5245361328125","","","","55","10","0.5","16SNEST","4.4","sentino","D11","2022-10-24_fieldtrip2_16SNEST_plate2","2022-10-24 17:31:49 PM AWST","47","FALSE","Target 1","UNKNOWN","SYBR","None","33.8558311462402","1.03122806549072","","","","","","","","TRUE","0.0812147714869981","TRUE","3","29","Amp","55, 10, 0.5, 16SNEST, 4.4, sentino","0.972367840713514","N","Y","N","N"
"732","34.2803344726562","2.02065587043762","82.5792617797852","","","","55","10","0.5","16SNEST","4.4","sentino","D12","2022-10-24_fieldtrip2_16SNEST_plate2","2022-10-24 17:31:49 PM AWST","48","FALSE","Target 1","UNKNOWN","SYBR","None","33.8558311462402","1.03122806549072","","","","","","","","TRUE","0.0812147714869981","TRUE","3","30","Amp","55, 10, 0.5, 16SNEST, 4.4, sentino","0.946088205142367","N","Y","N","N"
"733_WC","28.9770050048828","1.99344873428345","80.7781295776367","","","","55","10","0.5","16SNEST","4.4","control_sentino","E1","2022-10-24_fieldtrip2_16SNEST_plate2","2022-10-24 17:31:49 PM AWST","49","FALSE","Target 1","UNKNOWN","SYBR","None","28.3509998321533","0.568855047225952","","","","","","","","TRUE","0.0812147714869981","TRUE","3","25","Amp","55, 10, 0.5, 16SNEST, 4.4, control_sentino","0.903323819861625","N","Y","N","N"
"733_WC","27.8657054901123","2.00229072570801","80.7781295776367","","","","55","10","0.5","16SNEST","4.4","control_sentino","E2","2022-10-24_fieldtrip2_16SNEST_plate2","2022-10-24 17:31:49 PM AWST","50","FALSE","Target 1","UNKNOWN","SYBR","None","28.3509998321533","0.568855047225952","","","","","","","","TRUE","0.0812147714869981","TRUE","3","24","Amp","55, 10, 0.5, 16SNEST, 4.4, control_sentino","0.925815427989953","N","Y","N","N"
"733_WC","28.2102909088135","2.02331137657166","80.8370666503906","","","","55","10","0.5","16SNEST","4.4","control_sentino","E3","2022-10-24_fieldtrip2_16SNEST_plate2","2022-10-24 17:31:49 PM AWST","51","FALSE","Target 1","UNKNOWN","SYBR","None","28.3509998321533","0.568855047225952","","","","","","","","TRUE","0.0812147714869981","TRUE","3","24","Amp","55, 10, 0.5, 16SNEST, 4.4, control_sentino","0.907306858484986","N","Y","N","N"
"734","33.3095932006836","1.91940772533417","83.140998840332","","","","55","10","0.5","16SNEST","4.4","sentino","E4","2022-10-24_fieldtrip2_16SNEST_plate2","2022-10-24 17:31:49 PM AWST","52","FALSE","Target 1","UNKNOWN","SYBR","None","33.2184944152832","0.377945393323898","","","","","","","","TRUE","0.0812147714869981","TRUE","3","29","Amp","55, 10, 0.5, 16SNEST, 4.4, sentino","0.983415772967227","N","N","N","N"
"734","32.8033256530762","1.96539890766144","82.9652481079102","","","","55","10","0.5","16SNEST","4.4","sentino","E5","2022-10-24_fieldtrip2_16SNEST_plate2","2022-10-24 17:31:49 PM AWST","53","FALSE","Target 1","UNKNOWN","SYBR","None","33.2184944152832","0.377945393323898","","","","","","","","TRUE","0.0812147714869981","TRUE","3","29","Amp","55, 10, 0.5, 16SNEST, 4.4, sentino","0.970542124935251","N","N","N","N"
"734","33.5425643920898","1.8300359249115","82.3620910644531","80.3332824707031","69.8054122924805","63.7189865112305","55","10","0.5","16SNEST","4.4","sentino","E6","2022-10-24_fieldtrip2_16SNEST_plate2","2022-10-24 17:31:49 PM AWST","54","FALSE","Target 1","UNKNOWN","SYBR","None","33.2184944152832","0.377945393323898","","","","","","","","TRUE","0.0812147714869981","TRUE","3","29","Amp","55, 10, 0.5, 16SNEST, 4.4, sentino","0.969224102845638","N","N","N","Y"
"735","34.1370735168457","2.75583100318909","82.5867004394531","79.0767288208008","91.6906967163086","93.5005264282227","55","10","0.5","16SNEST","4.4","sentino","E7","2022-10-24_fieldtrip2_16SNEST_plate2","2022-10-24 17:31:49 PM AWST","55","FALSE","Target 1","UNKNOWN","SYBR","None","33.8123474121094","0.4400554895401","","","","","","","","TRUE","0.0812147714869981","TRUE","3","29","Amp","55, 10, 0.5, 16SNEST, 4.4, sentino","0.945699928119936","N","N","N","Y"
"735","33.9884567260742","2.57221436500549","81.9834289550781","","","","55","10","0.5","16SNEST","4.4","sentino","E8","2022-10-24_fieldtrip2_16SNEST_plate2","2022-10-24 17:31:49 PM AWST","56","FALSE","Target 1","UNKNOWN","SYBR","None","33.8123474121094","0.4400554895401","","","","","","","","TRUE","0.0812147714869981","TRUE","3","29","Amp","55, 10, 0.5, 16SNEST, 4.4, sentino","0.929959077866406","N","N","N","N"
"735","33.3115119934082","2.61329770088196","83.088508605957","","","","55","10","0.5","16SNEST","4.4","sentino","E9","2022-10-24_fieldtrip2_16SNEST_plate2","2022-10-24 17:31:49 PM AWST","57","FALSE","Target 1","UNKNOWN","SYBR","None","33.8123474121094","0.4400554895401","","","","","","","","TRUE","0.0812147714869981","TRUE","3","29","Amp","55, 10, 0.5, 16SNEST, 4.4, sentino","0.941604663036327","N","N","N","N"
"736","43.9926643371582","0.566326081752777","83.088508605957","","","","55","10","0.5","16SNEST","4.4","sentino","E10","2022-10-24_fieldtrip2_16SNEST_plate2","2022-10-24 17:31:49 PM AWST","58","FALSE","Target 1","UNKNOWN","SYBR","None","42.3254547119141","6.56622743606567","","","","","","","","TRUE","0.0812147714869981","TRUE","3","40","Amp","55, 10, 0.5, 16SNEST, 4.4, sentino","0.757924197414353","Y","Y","N","N"
"736","47.8973693847656","0.149486720561981","81.7037124633789","71.9632034301758","74.4256896972656","93.0311584472656","55","10","0.5","16SNEST","4.4","sentino","E11","2022-10-24_fieldtrip2_16SNEST_plate2","2022-10-24 17:31:49 PM AWST","59","FALSE","Target 1","UNKNOWN","SYBR","None","42.3254547119141","6.56622743606567","","","","","","","","TRUE","0.0812147714869981","TRUE","3","43","No Amp","55, 10, 0.5, 16SNEST, 4.4, sentino","0.280854323388406","Y","Y","N","Y"
"736","35.0863342285156","2.26874017715454","83.0717620849609","","","","55","10","0.5","16SNEST","4.4","sentino","E12","2022-10-24_fieldtrip2_16SNEST_plate2","2022-10-24 17:31:49 PM AWST","60","FALSE","Target 1","UNKNOWN","SYBR","None","42.3254547119141","6.56622743606567","","","","","","","","TRUE","0.0812147714869981","TRUE","3","29","Amp","55, 10, 0.5, 16SNEST, 4.4, sentino","0.923276192590784","N","Y","N","N"
"737_WC","32.1358261108398","2.62367534637451","80.7232818603516","","","","55","10","0.5","16SNEST","4.4","control_sentino","F1","2022-10-24_fieldtrip2_16SNEST_plate2","2022-10-24 17:31:49 PM AWST","61","FALSE","Target 1","UNKNOWN","SYBR","None","32.5324172973633","0.442733317613602","","","","","","","","TRUE","0.0812147714869981","TRUE","3","28","Amp","55, 10, 0.5, 16SNEST, 4.4, control_sentino","0.924414794735841","N","N","N","N"
"737_WC","33.0100860595703","2.39560556411743","80.8878173828125","","","","55","10","0.5","16SNEST","4.4","control_sentino","F2","2022-10-24_fieldtrip2_16SNEST_plate2","2022-10-24 17:31:49 PM AWST","62","FALSE","Target 1","UNKNOWN","SYBR","None","32.5324172973633","0.442733317613602","","","","","","","","TRUE","0.0812147714869981","TRUE","3","29","Amp","55, 10, 0.5, 16SNEST, 4.4, control_sentino","0.910695079711497","N","N","N","N"
"737_WC","32.4513397216797","2.48931980133057","80.94677734375","","","","55","10","0.5","16SNEST","4.4","control_sentino","F3","2022-10-24_fieldtrip2_16SNEST_plate2","2022-10-24 17:31:49 PM AWST","63","FALSE","Target 1","UNKNOWN","SYBR","None","32.5324172973633","0.442733317613602","","","","","","","","TRUE","0.0812147714869981","TRUE","3","28","Amp","55, 10, 0.5, 16SNEST, 4.4, control_sentino","0.944781958523454","N","N","N","N"
"738","33.954288482666","2.30891275405884","83.9089736938477","81.7696075439453","","","55","10","0.5","16SNEST","4.4","sentino","F4","2022-10-24_fieldtrip2_16SNEST_plate2","2022-10-24 17:31:49 PM AWST","64","FALSE","Target 1","UNKNOWN","SYBR","None","34.1707954406738","0.222105428576469","","","","","","","","TRUE","0.0812147714869981","TRUE","3","30","Amp","55, 10, 0.5, 16SNEST, 4.4, sentino","0.944314238278224","N","N","N","Y"
"738","34.1600036621094","2.25183463096619","81.7041015625","","","","55","10","0.5","16SNEST","4.4","sentino","F5","2022-10-24_fieldtrip2_16SNEST_plate2","2022-10-24 17:31:49 PM AWST","65","FALSE","Target 1","UNKNOWN","SYBR","None","34.1707954406738","0.222105428576469","","","","","","","","TRUE","0.0812147714869981","TRUE","3","30","Amp","55, 10, 0.5, 16SNEST, 4.4, sentino","0.953629830645228","N","N","N","N"
"738","34.3981056213379","2.40411901473999","81.6492614746094","94.0414428710938","72.4922103881836","73.7533645629883","55","10","0.5","16SNEST","4.4","sentino","F6","2022-10-24_fieldtrip2_16SNEST_plate2","2022-10-24 17:31:49 PM AWST","66","FALSE","Target 1","UNKNOWN","SYBR","None","34.1707954406738","0.222105428576469","","","","","","","","TRUE","0.0812147714869981","TRUE","3","30","Amp","55, 10, 0.5, 16SNEST, 4.4, sentino","0.966845376239685","N","N","N","Y"
"739","32.3806343078613","1.48812305927277","83.0802917480469","","","","55","10","0.5","16SNEST","4.4","sentino","F7","2022-10-24_fieldtrip2_16SNEST_plate2","2022-10-24 17:31:49 PM AWST","67","FALSE","Target 1","UNKNOWN","SYBR","None","32.4283599853516","0.202340453863144","","","","","","","","TRUE","0.0812147714869981","TRUE","3","29","Amp","55, 10, 0.5, 16SNEST, 4.4, sentino","0.917442558124304","N","N","N","N"
"739","32.6502952575684","1.62618064880371","83.2996673583984","79.350944519043","","","55","10","0.5","16SNEST","4.4","sentino","F8","2022-10-24_fieldtrip2_16SNEST_plate2","2022-10-24 17:31:49 PM AWST","68","FALSE","Target 1","UNKNOWN","SYBR","None","32.4283599853516","0.202340453863144","","","","","","","","TRUE","0.0812147714869981","TRUE","3","27","Amp","55, 10, 0.5, 16SNEST, 4.4, sentino","0.977330289363973","N","N","N","Y"
"739","32.2541465759277","1.58115208148956","83.5822525024414","92.6342086791992","82.1010208129883","78.9739837646484","55","10","0.5","16SNEST","4.4","sentino","F9","2022-10-24_fieldtrip2_16SNEST_plate2","2022-10-24 17:31:49 PM AWST","69","FALSE","Target 1","UNKNOWN","SYBR","None","32.4283599853516","0.202340453863144","","","","","","","","TRUE","0.0812147714869981","TRUE","3","27","Amp","55, 10, 0.5, 16SNEST, 4.4, sentino","0.962926168509363","N","N","N","Y"
"740","33.2567710876465","1.43725645542145","84.0759887695312","79.0288391113281","88.7391204833984","65.423469543457","55","10","0.5","16SNEST","4.4","sentino","F10","2022-10-24_fieldtrip2_16SNEST_plate2","2022-10-24 17:31:49 PM AWST","70","FALSE","Target 1","UNKNOWN","SYBR","None","33.4375114440918","0.270855754613876","","","","","","","","TRUE","0.0812147714869981","TRUE","3","30","Amp","55, 10, 0.5, 16SNEST, 4.4, sentino","0.976131050841476","N","N","N","Y"
"740","33.7489280700684","1.4786924123764","84.5492553710938","81.9225997924805","","","55","10","0.5","16SNEST","4.4","sentino","F11","2022-10-24_fieldtrip2_16SNEST_plate2","2022-10-24 17:31:49 PM AWST","71","FALSE","Target 1","UNKNOWN","SYBR","None","33.4375114440918","0.270855754613876","","","","","","","","TRUE","0.0812147714869981","TRUE","3","28","Amp","55, 10, 0.5, 16SNEST, 4.4, sentino","0.975116590843962","N","N","N","Y"
"740","33.306827545166","1.75570893287659","84.9323043823242","79.2959442138672","75.4654083251953","","55","10","0.5","16SNEST","4.4","sentino","F12","2022-10-24_fieldtrip2_16SNEST_plate2","2022-10-24 17:31:49 PM AWST","72","FALSE","Target 1","UNKNOWN","SYBR","None","33.4375114440918","0.270855754613876","","","","","","","","TRUE","0.0812147714869981","TRUE","3","30","Amp","55, 10, 0.5, 16SNEST, 4.4, sentino","0.944796487016669","N","N","N","Y"
"741_WC","27.8446598052979","2.79338836669922","80.6684341430664","","","","55","10","0.5","16SNEST","4.4","control_sentino","G1","2022-10-24_fieldtrip2_16SNEST_plate2","2022-10-24 17:31:49 PM AWST","73","FALSE","Target 1","UNKNOWN","SYBR","None","27.8994388580322","0.0487964078783989","","","","","","","","TRUE","0.0812147714869981","TRUE","3","23","Amp","55, 10, 0.5, 16SNEST, 4.4, control_sentino","0.921202796583673","N","N","N","N"
"741_WC","27.93825340271","2.55717039108276","80.7232818603516","","","","55","10","0.5","16SNEST","4.4","control_sentino","G2","2022-10-24_fieldtrip2_16SNEST_plate2","2022-10-24 17:31:49 PM AWST","74","FALSE","Target 1","UNKNOWN","SYBR","None","27.8994388580322","0.0487964078783989","","","","","","","","TRUE","0.0812147714869981","TRUE","3","24","Amp","55, 10, 0.5, 16SNEST, 4.4, control_sentino","0.93997579352698","N","N","N","N"
"741_WC","27.9154033660889","2.71636748313904","80.8370666503906","","","","55","10","0.5","16SNEST","4.4","control_sentino","G3","2022-10-24_fieldtrip2_16SNEST_plate2","2022-10-24 17:31:49 PM AWST","75","FALSE","Target 1","UNKNOWN","SYBR","None","27.8994388580322","0.0487964078783989","","","","","","","","TRUE","0.0812147714869981","TRUE","3","24","Amp","55, 10, 0.5, 16SNEST, 4.4, control_sentino","0.94020153777308","N","N","N","N"
"742","28.8492336273193","2.62195920944214","83.1958541870117","","","","55","10","0.5","16SNEST","4.4","sentino","G4","2022-10-24_fieldtrip2_16SNEST_plate2","2022-10-24 17:31:49 PM AWST","76","FALSE","Target 1","UNKNOWN","SYBR","None","28.9358501434326","0.082902692258358","","","","","","","","TRUE","0.0812147714869981","TRUE","3","24","Amp","55, 10, 0.5, 16SNEST, 4.4, sentino","0.963890311759616","N","N","N","N"
"742","28.9438591003418","2.69637036323547","83.1845779418945","","","","55","10","0.5","16SNEST","4.4","sentino","G5","2022-10-24_fieldtrip2_16SNEST_plate2","2022-10-24 17:31:49 PM AWST","77","FALSE","Target 1","UNKNOWN","SYBR","None","28.9358501434326","0.082902692258358","","","","","","","","TRUE","0.0812147714869981","TRUE","3","25","Amp","55, 10, 0.5, 16SNEST, 4.4, sentino","0.951074730604989","N","N","N","N"
"742","29.0144577026367","2.6611328125","83.1297454833984","","","","55","10","0.5","16SNEST","4.4","sentino","G6","2022-10-24_fieldtrip2_16SNEST_plate2","2022-10-24 17:31:49 PM AWST","78","FALSE","Target 1","UNKNOWN","SYBR","None","28.9358501434326","0.082902692258358","","","","","","","","TRUE","0.0812147714869981","TRUE","3","25","Amp","55, 10, 0.5, 16SNEST, 4.4, sentino","0.96401504321313","N","N","N","N"
"743","33.9359512329102","1.69515657424927","81.3253021240234","","","","55","10","0.5","16SNEST","4.4","sentino","G7","2022-10-24_fieldtrip2_16SNEST_plate2","2022-10-24 17:31:49 PM AWST","79","FALSE","Target 1","UNKNOWN","SYBR","None","35.0380172729492","1.74773752689362","","","","","","","","TRUE","0.0812147714869981","TRUE","3","30","Amp","55, 10, 0.5, 16SNEST, 4.4, sentino","0.956617773406436","N","Y","N","N"
"743","37.0531806945801","1.96450471878052","83.4093551635742","80.8317108154297","","","55","10","0.5","16SNEST","4.4","sentino","G8","2022-10-24_fieldtrip2_16SNEST_plate2","2022-10-24 17:31:49 PM AWST","80","FALSE","Target 1","UNKNOWN","SYBR","None","35.0380172729492","1.74773752689362","","","","","","","","TRUE","0.0812147714869981","TRUE","3","32","Amp","55, 10, 0.5, 16SNEST, 4.4, sentino","0.94533625402984","N","Y","N","Y"
"743","34.1249237060547","1.82620739936829","83.9114074707031","92.579345703125","","","55","10","0.5","16SNEST","4.4","sentino","G9","2022-10-24_fieldtrip2_16SNEST_plate2","2022-10-24 17:31:49 PM AWST","81","FALSE","Target 1","UNKNOWN","SYBR","None","35.0380172729492","1.74773752689362","","","","","","","","TRUE","0.0812147714869981","TRUE","3","31","Amp","55, 10, 0.5, 16SNEST, 4.4, sentino","0.979028238214491","N","Y","N","Y"
"744","34.046875","1.96526122093201","82.2107391357422","","","","55","10","0.5","16SNEST","4.4","sentino","G10","2022-10-24_fieldtrip2_16SNEST_plate2","2022-10-24 17:31:49 PM AWST","82","FALSE","Target 1","UNKNOWN","SYBR","None","34.9869689941406","2.12788701057434","","","","","","","","TRUE","0.0812147714869981","TRUE","3","30","Amp","55, 10, 0.5, 16SNEST, 4.4, sentino","0.95112298441118","N","Y","N","N"
"744","33.4910354614258","1.87724852561951","82.6887054443359","65.7248992919922","69.8837738037109","67.4760055541992","55","10","0.5","16SNEST","4.4","sentino","G11","2022-10-24_fieldtrip2_16SNEST_plate2","2022-10-24 17:31:49 PM AWST","83","FALSE","Target 1","UNKNOWN","SYBR","None","34.9869689941406","2.12788701057434","","","","","","","","TRUE","0.0812147714869981","TRUE","3","29","Amp","55, 10, 0.5, 16SNEST, 4.4, sentino","0.950064810517529","N","Y","N","Y"
"744","37.4229927062988","1.71749603748322","83.3453674316406","89.4195098876953","80.390380859375","62.0585327148438","55","10","0.5","16SNEST","4.4","sentino","G12","2022-10-24_fieldtrip2_16SNEST_plate2","2022-10-24 17:31:49 PM AWST","84","FALSE","Target 1","UNKNOWN","SYBR","None","34.9869689941406","2.12788701057434","","","","","","","","TRUE","0.0812147714869981","TRUE","3","33","Amp","55, 10, 0.5, 16SNEST, 4.4, sentino","0.921127864299337","N","Y","N","Y"
"745_WC","26.7542266845703","1.740846991539","80.7232818603516","","","","55","10","0.5","16SNEST","4.4","control_sentino","H1","2022-10-24_fieldtrip2_16SNEST_plate2","2022-10-24 17:31:49 PM AWST","85","FALSE","Target 1","UNKNOWN","SYBR","None","26.9370822906494","0.27771657705307","","","","","","","","TRUE","0.0812147714869981","TRUE","3","22","Amp","55, 10, 0.5, 16SNEST, 4.4, control_sentino","0.912200610470791","N","N","N","N"
"745_WC","27.2566528320312","1.65325462818146","80.8329772949219","","","","55","10","0.5","16SNEST","4.4","control_sentino","H2","2022-10-24_fieldtrip2_16SNEST_plate2","2022-10-24 17:31:49 PM AWST","86","FALSE","Target 1","UNKNOWN","SYBR","None","26.9370822906494","0.27771657705307","","","","","","","","TRUE","0.0812147714869981","TRUE","3","22","Amp","55, 10, 0.5, 16SNEST, 4.4, control_sentino","0.944904394846119","N","N","N","N"
"745_WC","26.800365447998","1.67985332012177","80.94677734375","","","","55","10","0.5","16SNEST","4.4","control_sentino","H3","2022-10-24_fieldtrip2_16SNEST_plate2","2022-10-24 17:31:49 PM AWST","87","FALSE","Target 1","UNKNOWN","SYBR","None","26.9370822906494","0.27771657705307","","","","","","","","TRUE","0.0812147714869981","TRUE","3","23","Amp","55, 10, 0.5, 16SNEST, 4.4, control_sentino","0.963679462255176","N","N","N","N"
"746","34.3086128234863","2.20811319351196","82.0987396240234","80.3982238769531","74.9675216674805","65.4226531982422","55","10","0.5","16SNEST","4.4","sentino","H4","2022-10-24_fieldtrip2_16SNEST_plate2","2022-10-24 17:31:49 PM AWST","88","FALSE","Target 1","UNKNOWN","SYBR","None","33.4128913879395","0.833740234375","","","","","","","","TRUE","0.0812147714869981","TRUE","3","30","Amp","55, 10, 0.5, 16SNEST, 4.4, sentino","0.93192541653025","N","Y","N","Y"
"746","33.2706298828125","2.11138033866882","83.73291015625","80.9912719726562","","","55","10","0.5","16SNEST","4.4","sentino","H5","2022-10-24_fieldtrip2_16SNEST_plate2","2022-10-24 17:31:49 PM AWST","89","FALSE","Target 1","UNKNOWN","SYBR","None","33.4128913879395","0.833740234375","","","","","","","","TRUE","0.0812147714869981","TRUE","3","27","Amp","55, 10, 0.5, 16SNEST, 4.4, sentino","0.977471467496503","N","Y","N","Y"
"746","32.6594390869141","2.20434975624084","81.9782638549805","","","","55","10","0.5","16SNEST","4.4","sentino","H6","2022-10-24_fieldtrip2_16SNEST_plate2","2022-10-24 17:31:49 PM AWST","90","FALSE","Target 1","UNKNOWN","SYBR","None","33.4128913879395","0.833740234375","","","","","","","","TRUE","0.0812147714869981","TRUE","3","29","Amp","55, 10, 0.5, 16SNEST, 4.4, sentino","0.96858257865243","N","Y","N","N"
"747","32.9126968383789","2.15426921844482","81.2156219482422","","","","55","10","0.5","16SNEST","4.4","sentino","H7","2022-10-24_fieldtrip2_16SNEST_plate2","2022-10-24 17:31:49 PM AWST","91","FALSE","Target 1","UNKNOWN","SYBR","None","32.8782119750977","0.250298291444778","","","","","","","","TRUE","0.0812147714869981","TRUE","3","29","Amp","55, 10, 0.5, 16SNEST, 4.4, sentino","0.964846183099995","N","N","N","N"
"747","33.1094818115234","2.2230110168457","82.8609161376953","","","","55","10","0.5","16SNEST","4.4","sentino","H8","2022-10-24_fieldtrip2_16SNEST_plate2","2022-10-24 17:31:49 PM AWST","92","FALSE","Target 1","UNKNOWN","SYBR","None","32.8782119750977","0.250298291444778","","","","","","","","TRUE","0.0812147714869981","TRUE","3","28","Amp","55, 10, 0.5, 16SNEST, 4.4, sentino","0.98005577591398","N","N","N","N"
"747","32.6124610900879","2.09951066970825","81.3878326416016","","","","55","10","0.5","16SNEST","4.4","sentino","H9","2022-10-24_fieldtrip2_16SNEST_plate2","2022-10-24 17:31:49 PM AWST","93","FALSE","Target 1","UNKNOWN","SYBR","None","32.8782119750977","0.250298291444778","","","","","","","","TRUE","0.0812147714869981","TRUE","3","29","Amp","55, 10, 0.5, 16SNEST, 4.4, sentino","0.960628260800173","N","N","N","N"
"748","34.396053314209","2.39283323287964","81.2781143188477","87.69677734375","","","55","10","0.5","16SNEST","4.4","sentino","H10","2022-10-24_fieldtrip2_16SNEST_plate2","2022-10-24 17:31:49 PM AWST","94","FALSE","Target 1","UNKNOWN","SYBR","None","33.9801445007324","0.390008807182312","","","","","","","","TRUE","0.0812147714869981","TRUE","3","29","Amp","55, 10, 0.5, 16SNEST, 4.4, sentino","0.961484017425432","N","N","N","Y"
"748","33.9217529296875","2.36013913154602","81.9225997924805","","","","55","10","0.5","16SNEST","4.4","sentino","H11","2022-10-24_fieldtrip2_16SNEST_plate2","2022-10-24 17:31:49 PM AWST","95","FALSE","Target 1","UNKNOWN","SYBR","None","33.9801445007324","0.390008807182312","","","","","","","","TRUE","0.0812147714869981","TRUE","3","31","Amp","55, 10, 0.5, 16SNEST, 4.4, sentino","0.952937165209742","N","N","N","N"
"748","33.6226196289062","2.34946775436401","81.156494140625","","","","55","10","0.5","16SNEST","4.4","sentino","H12","2022-10-24_fieldtrip2_16SNEST_plate2","2022-10-24 17:31:49 PM AWST","96","FALSE","Target 1","UNKNOWN","SYBR","None","33.9801445007324","0.390008807182312","","","","","","","","TRUE","0.0812147714869981","TRUE","3","28","Amp","55, 10, 0.5, 16SNEST, 4.4, sentino","0.90442318331383","N","N","N","N"
