"Sample Name","CT","Delta Rn","Tm1","Tm2","Tm3","Tm4","Annealing_temperature(?C)","Primer_concentration_(uM)","Primer_volume","Primer_name","Sample_volume","Additional_comments","Well Position","filename","run_endtime","Well","Omit","Target Name","Task","Reporter","Quencher","Ct Mean","Ct SD","Quantity","Quantity Mean","Quantity SD","Y-Intercept","R(superscript 2)","Slope","Efficiency","Automatic Ct Threshold","Ct Threshold","Automatic Baseline","Baseline Start","Baseline End","Amp Status","Comments","Cq Conf","CQCONF","OUTLIERRG","MTP","HIGHSD"
"173","29.6746997833252","2.17847990989685","83.1132278442383","66.7516708374023","91.6496887207031","71.5123901367188","65","10","0.5","Lutjanidae1","4.4","passive","A1","2022-10-12_griffin_lutjanidae1_plate1","2022-10-17 18:13:58 PM AWST","1","FALSE","Target 1","UNKNOWN","SYBR","None","32.4217872619629","2.42454957962036","","","","","","","","TRUE","0.180524487554541","TRUE","3","24","Amp","65, 10, 0.5, Lutjanidae1, 4.4, passive","0.97021787305944","N","N","Y","Y"
"173","34.2628479003906","2.05712080001831","83.1679458618164","70.199089050293","87.2720184326172","91.8685760498047","65","10","0.5","Lutjanidae1","4.4","passive","A2","2022-10-12_griffin_lutjanidae1_plate1","2022-10-17 18:13:58 PM AWST","2","FALSE","Target 1","UNKNOWN","SYBR","None","32.4217872619629","2.42454957962036","","","","","","","","TRUE","0.180524487554541","TRUE","3","27","Amp","65, 10, 0.5, Lutjanidae1, 4.4, passive","0.917787598589366","N","N","Y","Y"
"173","33.3278160095215","2.2052149772644","83.1208801269531","79.0573425292969","","","65","10","0.5","Lutjanidae1","4.4","passive","A3","2022-10-12_griffin_lutjanidae1_plate1","2022-10-17 18:13:58 PM AWST","3","FALSE","Target 1","UNKNOWN","SYBR","None","32.4217872619629","2.42454957962036","","","","","","","","TRUE","0.180524487554541","TRUE","3","28","Amp","65, 10, 0.5, Lutjanidae1, 4.4, passive","0.933718828271768","N","N","Y","Y"
"174","29.4302577972412","2.54723167419434","83.6150894165039","","","","65","10","0.5","Lutjanidae1","4.4","passive","A4","2022-10-12_griffin_lutjanidae1_plate1","2022-10-17 18:13:58 PM AWST","4","FALSE","Target 1","UNKNOWN","SYBR","None","33.222053527832","3.4125554561615","","","","","","","","TRUE","0.180524487554541","TRUE","3","23","Amp","65, 10, 0.5, Lutjanidae1, 4.4, passive","0.933425652453669","N","N","N","Y"
"174","36.0465240478516","2.55628538131714","83.5311050415039","","","","65","10","0.5","Lutjanidae1","4.4","passive","A5","2022-10-12_griffin_lutjanidae1_plate1","2022-10-17 18:13:58 PM AWST","5","FALSE","Target 1","UNKNOWN","SYBR","None","33.222053527832","3.4125554561615","","","","","","","","TRUE","0.180524487554541","TRUE","3","31","Amp","65, 10, 0.5, Lutjanidae1, 4.4, passive","0.919209316339621","N","N","N","Y"
"174","34.189380645752","2.4542031288147","83.5311050415039","66.808708190918","","","65","10","0.5","Lutjanidae1","4.4","passive","A6","2022-10-12_griffin_lutjanidae1_plate1","2022-10-17 18:13:58 PM AWST","6","FALSE","Target 1","UNKNOWN","SYBR","None","33.222053527832","3.4125554561615","","","","","","","","TRUE","0.180524487554541","TRUE","3","29","Amp","65, 10, 0.5, Lutjanidae1, 4.4, passive","0.924345912202561","N","N","Y","Y"
"175","38.3124580383301","2.51471781730652","82.005973815918","79.3179931640625","91.4413299560547","","65","10","0.5","Lutjanidae1","4.4","passive","A7","2022-10-12_griffin_lutjanidae1_plate1","2022-10-17 18:13:58 PM AWST","7","FALSE","Target 1","UNKNOWN","SYBR","None","36.4248466491699","1.78560149669647","","","","","","","","TRUE","0.180524487554541","TRUE","3","33","Amp","65, 10, 0.5, Lutjanidae1, 4.4, passive","0.921858354263984","N","N","Y","Y"
"175","34.7626647949219","2.58751201629639","83.1579666137695","","","","65","10","0.5","Lutjanidae1","4.4","passive","A8","2022-10-12_griffin_lutjanidae1_plate1","2022-10-17 18:13:58 PM AWST","8","FALSE","Target 1","UNKNOWN","SYBR","None","36.4248466491699","1.78560149669647","","","","","","","","TRUE","0.180524487554541","TRUE","3","29","Amp","65, 10, 0.5, Lutjanidae1, 4.4, passive","0.925739500063901","N","N","N","Y"
"175","36.1994132995605","2.93589425086975","83.0877380371094","","","","65","10","0.5","Lutjanidae1","4.4","passive","A9","2022-10-12_griffin_lutjanidae1_plate1","2022-10-17 18:13:58 PM AWST","9","FALSE","Target 1","UNKNOWN","SYBR","None","36.4248466491699","1.78560149669647","","","","","","","","TRUE","0.180524487554541","TRUE","3","31","Amp","65, 10, 0.5, Lutjanidae1, 4.4, passive","0.924135363343648","N","N","N","Y"
"182","26.1293258666992","2.54941701889038","83.4725952148438","","","","65","10","0.5","Lutjanidae1","4.4","passive","A10","2022-10-12_griffin_lutjanidae1_plate1","2022-10-17 18:13:58 PM AWST","10","FALSE","Target 1","UNKNOWN","SYBR","None","28.5014133453369","3.14234018325806","","","","","","","","TRUE","0.180524487554541","TRUE","3","21","Amp","65, 10, 0.5, Lutjanidae1, 4.4, passive","0.961401581520175","N","N","N","Y"
"182","27.3096046447754","2.43855571746826","83.622802734375","","","","65","10","0.5","Lutjanidae1","4.4","passive","A11","2022-10-12_griffin_lutjanidae1_plate1","2022-10-17 18:13:58 PM AWST","11","FALSE","Target 1","UNKNOWN","SYBR","None","28.5014133453369","3.14234018325806","","","","","","","","TRUE","0.180524487554541","TRUE","3","22","Amp","65, 10, 0.5, Lutjanidae1, 4.4, passive","0.963187000802965","N","N","N","Y"
"182","32.065315246582","2.49725461006165","83.239387512207","","","","65","10","0.5","Lutjanidae1","4.4","passive","A12","2022-10-12_griffin_lutjanidae1_plate1","2022-10-17 18:13:58 PM AWST","12","FALSE","Target 1","UNKNOWN","SYBR","None","28.5014133453369","3.14234018325806","","","","","","","","TRUE","0.180524487554541","TRUE","3","26","Amp","65, 10, 0.5, Lutjanidae1, 4.4, passive","0.935952216503096","N","N","N","Y"
"183","30.5693435668945","2.20648431777954","83.2773895263672","","","","65","10","0.5","Lutjanidae1","4.4","passive","B1","2022-10-12_griffin_lutjanidae1_plate1","2022-10-17 18:13:58 PM AWST","13","FALSE","Target 1","UNKNOWN","SYBR","None","31.5745716094971","3.98072504997253","","","","","","","","TRUE","0.180524487554541","TRUE","3","24","Amp","65, 10, 0.5, Lutjanidae1, 4.4, passive","0.961040841699849","N","N","N","Y"
"183","28.1928215026855","2.18817138671875","83.2773895263672","","","","65","10","0.5","Lutjanidae1","4.4","passive","B2","2022-10-12_griffin_lutjanidae1_plate1","2022-10-17 18:13:58 PM AWST","14","FALSE","Target 1","UNKNOWN","SYBR","None","31.5745716094971","3.98072504997253","","","","","","","","TRUE","0.180524487554541","TRUE","3","23","Amp","65, 10, 0.5, Lutjanidae1, 4.4, passive","0.970513690137852","N","N","N","Y"
"183","35.961555480957","2.13921713829041","83.1208801269531","","","","65","10","0.5","Lutjanidae1","4.4","passive","B3","2022-10-12_griffin_lutjanidae1_plate1","2022-10-17 18:13:58 PM AWST","15","FALSE","Target 1","UNKNOWN","SYBR","None","31.5745716094971","3.98072504997253","","","","","","","","TRUE","0.180524487554541","TRUE","3","30","Amp","65, 10, 0.5, Lutjanidae1, 4.4, passive","0.964969884015618","N","N","N","Y"
"184","36.2244148254395","2.29346060752869","81.3087615966797","","","","65","10","0.5","Lutjanidae1","4.4","passive","B4","2022-10-12_griffin_lutjanidae1_plate1","2022-10-17 18:13:58 PM AWST","16","FALSE","Target 1","UNKNOWN","SYBR","None","33.1139488220215","2.70073866844177","","","","","","","","TRUE","0.180524487554541","TRUE","3","30","Amp","65, 10, 0.5, Lutjanidae1, 4.4, passive","0.936800602364048","N","N","N","Y"
"184","31.3644733428955","2.32870864868164","83.256965637207","","","","65","10","0.5","Lutjanidae1","4.4","passive","B5","2022-10-12_griffin_lutjanidae1_plate1","2022-10-17 18:13:58 PM AWST","17","FALSE","Target 1","UNKNOWN","SYBR","None","33.1139488220215","2.70073866844177","","","","","","","","TRUE","0.180524487554541","TRUE","3","24","Amp","65, 10, 0.5, Lutjanidae1, 4.4, passive","0.936183831270803","N","N","N","Y"
"184","31.752950668335","2.34807062149048","83.256965637207","90.1652374267578","92.1938552856445","65.8766403198242","65","10","0.5","Lutjanidae1","4.4","passive","B6","2022-10-12_griffin_lutjanidae1_plate1","2022-10-17 18:13:58 PM AWST","18","FALSE","Target 1","UNKNOWN","SYBR","None","33.1139488220215","2.70073866844177","","","","","","","","TRUE","0.180524487554541","TRUE","3","26","Amp","65, 10, 0.5, Lutjanidae1, 4.4, passive","0.946926335771241","N","N","Y","Y"
"188","29.9653167724609","2.4399311542511","83.4871063232422","","","","65","10","0.5","Lutjanidae1","4.4","passive","B7","2022-10-12_griffin_lutjanidae1_plate1","2022-10-17 18:13:58 PM AWST","19","FALSE","Target 1","UNKNOWN","SYBR","None","31.0021419525146","1.28916072845459","","","","","","","","TRUE","0.180524487554541","TRUE","3","25","Amp","65, 10, 0.5, Lutjanidae1, 4.4, passive","0.968085427764429","N","N","N","Y"
"188","30.5955200195312","2.36029100418091","83.5419616699219","","","","65","10","0.5","Lutjanidae1","4.4","passive","B8","2022-10-12_griffin_lutjanidae1_plate1","2022-10-17 18:13:58 PM AWST","20","FALSE","Target 1","UNKNOWN","SYBR","None","31.0021419525146","1.28916072845459","","","","","","","","TRUE","0.180524487554541","TRUE","3","25","Amp","65, 10, 0.5, Lutjanidae1, 4.4, passive","0.955066736363847","N","N","N","Y"
"188","32.4455833435059","2.45208883285522","83.4725952148438","79.6240310668945","","","65","10","0.5","Lutjanidae1","4.4","passive","B9","2022-10-12_griffin_lutjanidae1_plate1","2022-10-17 18:13:58 PM AWST","21","FALSE","Target 1","UNKNOWN","SYBR","None","31.0021419525146","1.28916072845459","","","","","","","","TRUE","0.180524487554541","TRUE","3","27","Amp","65, 10, 0.5, Lutjanidae1, 4.4, passive","0.94384345965832","N","N","Y","Y"
"189","30.6998863220215","2.49375152587891","83.3076553344727","","","","65","10","0.5","Lutjanidae1","4.4","passive","B10","2022-10-12_griffin_lutjanidae1_plate1","2022-10-17 18:13:58 PM AWST","22","FALSE","Target 1","UNKNOWN","SYBR","None","29.8076171875","3.55609536170959","","","","","","","","TRUE","0.180524487554541","TRUE","3","24","Amp","65, 10, 0.5, Lutjanidae1, 4.4, passive","0.962776752202153","N","N","N","Y"
"189","25.8903579711914","2.53747892379761","83.4037094116211","","","","65","10","0.5","Lutjanidae1","4.4","passive","B11","2022-10-12_griffin_lutjanidae1_plate1","2022-10-17 18:13:58 PM AWST","23","FALSE","Target 1","UNKNOWN","SYBR","None","29.8076171875","3.55609536170959","","","","","","","","TRUE","0.180524487554541","TRUE","3","21","Amp","65, 10, 0.5, Lutjanidae1, 4.4, passive","0.975160768158387","N","N","N","Y"
"189","32.8326072692871","2.48295974731445","92.6057586669922","67.8478546142578","90.1957015991211","88.169059753418","65","10","0.5","Lutjanidae1","4.4","passive","B12","2022-10-12_griffin_lutjanidae1_plate1","2022-10-17 18:13:58 PM AWST","24","FALSE","Target 1","UNKNOWN","SYBR","None","29.8076171875","3.55609536170959","","","","","","","","TRUE","0.180524487554541","TRUE","3","28","Amp","65, 10, 0.5, Lutjanidae1, 4.4, passive","0.931365441227129","N","N","Y","Y"
"190","34.3179588317871","2.47706818580627","82.8943405151367","","","","65","10","0.5","Lutjanidae1","4.4","passive","C1","2022-10-12_griffin_lutjanidae1_plate1","2022-10-17 18:13:58 PM AWST","25","FALSE","Target 1","UNKNOWN","SYBR","None","35.0821952819824","2.85042643547058","","","","","","","","TRUE","0.180524487554541","TRUE","3","29","Amp","65, 10, 0.5, Lutjanidae1, 4.4, passive","0.93782785199141","N","N","N","Y"
"190","32.6917877197266","2.34975385665894","83.2773895263672","","","","65","10","0.5","Lutjanidae1","4.4","passive","C2","2022-10-12_griffin_lutjanidae1_plate1","2022-10-17 18:13:58 PM AWST","26","FALSE","Target 1","UNKNOWN","SYBR","None","35.0821952819824","2.85042643547058","","","","","","","","TRUE","0.180524487554541","TRUE","3","27","Amp","65, 10, 0.5, Lutjanidae1, 4.4, passive","0.938002300463281","N","N","N","Y"
"190","38.2368354797363","2.3656702041626","83.0659637451172","","","","65","10","0.5","Lutjanidae1","4.4","passive","C3","2022-10-12_griffin_lutjanidae1_plate1","2022-10-17 18:13:58 PM AWST","27","FALSE","Target 1","UNKNOWN","SYBR","None","35.0821952819824","2.85042643547058","","","","","","","","TRUE","0.180524487554541","TRUE","3","32","Amp","65, 10, 0.5, Lutjanidae1, 4.4, passive","0.979112383547398","N","N","N","Y"
"200","31.4330539703369","2.4725239276886","82.7914047241211","66.7569046020508","72.0285186767578","74.71923828125","65","10","0.5","Lutjanidae1","4.4","passive","C4","2022-10-12_griffin_lutjanidae1_plate1","2022-10-17 18:13:58 PM AWST","28","FALSE","Target 1","UNKNOWN","SYBR","None","31.3292713165283","1.2143520116806","","","","","","","","TRUE","0.180524487554541","TRUE","3","26","Amp","65, 10, 0.5, Lutjanidae1, 4.4, passive","0.967495658016329","N","N","Y","Y"
"200","30.0663604736328","2.49825358390808","82.7635192871094","","","","65","10","0.5","Lutjanidae1","4.4","passive","C5","2022-10-12_griffin_lutjanidae1_plate1","2022-10-17 18:13:58 PM AWST","29","FALSE","Target 1","UNKNOWN","SYBR","None","31.3292713165283","1.2143520116806","","","","","","","","TRUE","0.180524487554541","TRUE","3","24","Amp","65, 10, 0.5, Lutjanidae1, 4.4, passive","0.951177969628907","N","N","N","Y"
"200","32.4884033203125","2.42528891563416","82.7635192871094","79.2545547485352","68.5083618164062","69.9338760375977","65","10","0.5","Lutjanidae1","4.4","passive","C6","2022-10-12_griffin_lutjanidae1_plate1","2022-10-17 18:13:58 PM AWST","30","FALSE","Target 1","UNKNOWN","SYBR","None","31.3292713165283","1.2143520116806","","","","","","","","TRUE","0.180524487554541","TRUE","3","27","Amp","65, 10, 0.5, Lutjanidae1, 4.4, passive","0.956567416549561","N","N","Y","Y"
"201","30.3576564788818","2.20763349533081","83.1579666137695","","","","65","10","0.5","Lutjanidae1","4.4","passive","C7","2022-10-12_griffin_lutjanidae1_plate1","2022-10-17 18:13:58 PM AWST","31","FALSE","Target 1","UNKNOWN","SYBR","None","33.2617378234863","5.67443752288818","","","","","","","","TRUE","0.180524487554541","TRUE","3","25","Amp","65, 10, 0.5, Lutjanidae1, 4.4, passive","0.921255810426443","N","N","N","Y"
"201","29.6271343231201","2.1462140083313","82.9933929443359","66.7009506225586","68.1272277832031","74.2711791992188","65","10","0.5","Lutjanidae1","4.4","passive","C8","2022-10-12_griffin_lutjanidae1_plate1","2022-10-17 18:13:58 PM AWST","32","FALSE","Target 1","UNKNOWN","SYBR","None","33.2617378234863","5.67443752288818","","","","","","","","TRUE","0.180524487554541","TRUE","3","22","Amp","65, 10, 0.5, Lutjanidae1, 4.4, passive","0.977537048575281","N","N","Y","Y"
"201","39.8004264831543","2.12069988250732","81.9331665039062","","","","65","10","0.5","Lutjanidae1","4.4","passive","C9","2022-10-12_griffin_lutjanidae1_plate1","2022-10-17 18:13:58 PM AWST","33","FALSE","Target 1","UNKNOWN","SYBR","None","33.2617378234863","5.67443752288818","","","","","","","","TRUE","0.180524487554541","TRUE","3","33","Amp","65, 10, 0.5, Lutjanidae1, 4.4, passive","0.973285560912682","N","N","N","Y"
"202","35.6584434509277","2.49552249908447","83.3076553344727","","","","65","10","0.5","Lutjanidae1","4.4","passive","C10","2022-10-12_griffin_lutjanidae1_plate1","2022-10-17 18:13:58 PM AWST","34","FALSE","Target 1","UNKNOWN","SYBR","None","31.3511962890625","4.43054866790771","","","","","","","","TRUE","0.180524487554541","TRUE","3","29","Amp","65, 10, 0.5, Lutjanidae1, 4.4, passive","0.960859560707981","N","N","N","Y"
"202","26.8068656921387","2.47680425643921","83.4584808349609","","","","65","10","0.5","Lutjanidae1","4.4","passive","C11","2022-10-12_griffin_lutjanidae1_plate1","2022-10-17 18:13:58 PM AWST","35","FALSE","Target 1","UNKNOWN","SYBR","None","31.3511962890625","4.43054866790771","","","","","","","","TRUE","0.180524487554541","TRUE","3","21","Amp","65, 10, 0.5, Lutjanidae1, 4.4, passive","0.959879280041997","N","N","N","Y"
"202","31.5882759094238","2.56548404693604","83.4584808349609","","","","65","10","0.5","Lutjanidae1","4.4","passive","C12","2022-10-12_griffin_lutjanidae1_plate1","2022-10-17 18:13:58 PM AWST","36","FALSE","Target 1","UNKNOWN","SYBR","None","31.3511962890625","4.43054866790771","","","","","","","","TRUE","0.180524487554541","TRUE","3","27","Amp","65, 10, 0.5, Lutjanidae1, 4.4, passive","0.935966859293652","N","N","N","Y"
"206","33.1955184936523","2.21259570121765","82.5660171508789","","","","65","10","0.5","Lutjanidae1","4.4","passive","D1","2022-10-12_griffin_lutjanidae1_plate1","2022-10-17 18:13:58 PM AWST","37","FALSE","Target 1","UNKNOWN","SYBR","None","34.1348037719727","2.22903156280518","","","","","","","","TRUE","0.180524487554541","TRUE","3","28","Amp","65, 10, 0.5, Lutjanidae1, 4.4, passive","0.914831441290755","N","N","N","Y"
"206","32.5291442871094","2.3640034198761","82.5660171508789","72.7709732055664","67.0799942016602","90.2269439697266","65","10","0.5","Lutjanidae1","4.4","passive","D2","2022-10-12_griffin_lutjanidae1_plate1","2022-10-17 18:13:58 PM AWST","38","FALSE","Target 1","UNKNOWN","SYBR","None","34.1348037719727","2.22903156280518","","","","","","","","TRUE","0.180524487554541","TRUE","3","27","Amp","65, 10, 0.5, Lutjanidae1, 4.4, passive","0.97697634507522","N","N","Y","Y"
"206","36.6797523498535","2.31828093528748","80.5399856567383","68.5141143798828","82.3520965576172","66.8118209838867","65","10","0.5","Lutjanidae1","4.4","passive","D3","2022-10-12_griffin_lutjanidae1_plate1","2022-10-17 18:13:58 PM AWST","39","FALSE","Target 1","UNKNOWN","SYBR","None","34.1348037719727","2.22903156280518","","","","","","","","TRUE","0.180524487554541","TRUE","3","31","Amp","65, 10, 0.5, Lutjanidae1, 4.4, passive","0.981123450809812","N","N","Y","Y"
"207","38.0767593383789","2.27407932281494","82.4619293212891","67.3060302734375","88.9416198730469","73.1267776489258","65","10","0.5","Lutjanidae1","4.4","passive","D4","2022-10-12_griffin_lutjanidae1_plate1","2022-10-17 18:13:58 PM AWST","40","FALSE","Target 1","UNKNOWN","SYBR","None","37.4929084777832","0.847537696361542","","","","","","","","TRUE","0.180524487554541","TRUE","3","33","Amp","65, 10, 0.5, Lutjanidae1, 4.4, passive","0.95549241398446","N","N","Y","Y"
"207","36.5207939147949","2.27097511291504","82.4893798828125","","","","65","10","0.5","Lutjanidae1","4.4","passive","D5","2022-10-12_griffin_lutjanidae1_plate1","2022-10-17 18:13:58 PM AWST","41","FALSE","Target 1","UNKNOWN","SYBR","None","37.4929084777832","0.847537696361542","","","","","","","","TRUE","0.180524487554541","TRUE","3","31","Amp","65, 10, 0.5, Lutjanidae1, 4.4, passive","0.954395871198063","N","N","N","Y"
"207","37.881175994873","2.30496692657471","80.8445587158203","","","","65","10","0.5","Lutjanidae1","4.4","passive","D6","2022-10-12_griffin_lutjanidae1_plate1","2022-10-17 18:13:58 PM AWST","42","FALSE","Target 1","UNKNOWN","SYBR","None","37.4929084777832","0.847537696361542","","","","","","","","TRUE","0.180524487554541","TRUE","3","33","Amp","65, 10, 0.5, Lutjanidae1, 4.4, passive","0.959938898277796","N","N","N","Y"
"208","30.4188671112061","2.40234541893005","83.1579666137695","","","","65","10","0.5","Lutjanidae1","4.4","passive","D7","2022-10-12_griffin_lutjanidae1_plate1","2022-10-17 18:13:58 PM AWST","43","FALSE","Target 1","UNKNOWN","SYBR","None","30.4202098846436","1.70132672786713","","","","","","","","TRUE","0.180524487554541","TRUE","3","25","Amp","65, 10, 0.5, Lutjanidae1, 4.4, passive","0.964699819321453","N","N","N","Y"
"208","28.719554901123","2.39705967903137","83.1579666137695","","","","65","10","0.5","Lutjanidae1","4.4","passive","D8","2022-10-12_griffin_lutjanidae1_plate1","2022-10-17 18:13:58 PM AWST","44","FALSE","Target 1","UNKNOWN","SYBR","None","30.4202098846436","1.70132672786713","","","","","","","","TRUE","0.180524487554541","TRUE","3","23","Amp","65, 10, 0.5, Lutjanidae1, 4.4, passive","0.976203700747253","N","N","N","Y"
"208","32.1222076416016","2.37748646736145","83.1427154541016","94.1386108398438","","","65","10","0.5","Lutjanidae1","4.4","passive","D9","2022-10-12_griffin_lutjanidae1_plate1","2022-10-17 18:13:58 PM AWST","45","FALSE","Target 1","UNKNOWN","SYBR","None","30.4202098846436","1.70132672786713","","","","","","","","TRUE","0.180524487554541","TRUE","3","25","Amp","65, 10, 0.5, Lutjanidae1, 4.4, passive","0.941957128887016","N","N","Y","Y"
"212","34.6509132385254","2.43462753295898","82.702880859375","72.8065795898438","86.9363021850586","88.310791015625","65","10","0.5","Lutjanidae1","4.4","passive","D10","2022-10-12_griffin_lutjanidae1_plate1","2022-10-17 18:13:58 PM AWST","46","FALSE","Target 1","UNKNOWN","SYBR","None","32.6181297302246","4.72953653335571","","","","","","","","TRUE","0.180524487554541","TRUE","3","29","Amp","65, 10, 0.5, Lutjanidae1, 4.4, passive","0.951053970925534","N","N","Y","Y"
"212","27.2120494842529","2.44647645950317","83.0202941894531","","","","65","10","0.5","Lutjanidae1","4.4","passive","D11","2022-10-12_griffin_lutjanidae1_plate1","2022-10-17 18:13:58 PM AWST","47","FALSE","Target 1","UNKNOWN","SYBR","None","32.6181297302246","4.72953653335571","","","","","","","","TRUE","0.180524487554541","TRUE","3","22","Amp","65, 10, 0.5, Lutjanidae1, 4.4, passive","0.94955693521561","N","N","N","Y"
"212","35.9914245605469","2.48308968544006","83.0202941894531","","","","65","10","0.5","Lutjanidae1","4.4","passive","D12","2022-10-12_griffin_lutjanidae1_plate1","2022-10-17 18:13:58 PM AWST","48","FALSE","Target 1","UNKNOWN","SYBR","None","32.6181297302246","4.72953653335571","","","","","","","","TRUE","0.180524487554541","TRUE","3","30","Amp","65, 10, 0.5, Lutjanidae1, 4.4, passive","0.914982288512871","N","N","N","Y"
"213","34.995288848877","2.39461731910706","82.8943405151367","","","","65","10","0.5","Lutjanidae1","4.4","passive","E1","2022-10-12_griffin_lutjanidae1_plate1","2022-10-17 18:13:58 PM AWST","49","FALSE","Target 1","UNKNOWN","SYBR","None","32.4235191345215","4.16196823120117","","","","","","","","TRUE","0.180524487554541","TRUE","3","30","Amp","65, 10, 0.5, Lutjanidae1, 4.4, passive","0.936100489767542","N","N","N","Y"
"213","34.6535263061523","2.40363717079163","82.9490661621094","","","","65","10","0.5","Lutjanidae1","4.4","passive","E2","2022-10-12_griffin_lutjanidae1_plate1","2022-10-17 18:13:58 PM AWST","50","FALSE","Target 1","UNKNOWN","SYBR","None","32.4235191345215","4.16196823120117","","","","","","","","TRUE","0.180524487554541","TRUE","3","27","Amp","65, 10, 0.5, Lutjanidae1, 4.4, passive","0.978235266039992","N","N","N","Y"
"213","27.6217460632324","2.41929817199707","82.7364883422852","","","","65","10","0.5","Lutjanidae1","4.4","passive","E3","2022-10-12_griffin_lutjanidae1_plate1","2022-10-17 18:13:58 PM AWST","51","FALSE","Target 1","UNKNOWN","SYBR","None","32.4235191345215","4.16196823120117","","","","","","","","TRUE","0.180524487554541","TRUE","3","22","Amp","65, 10, 0.5, Lutjanidae1, 4.4, passive","0.979349226432854","N","N","N","Y"
"214","30.7919025421143","2.3290548324585","83.0659637451172","","","","65","10","0.5","Lutjanidae1","4.4","passive","E4","2022-10-12_griffin_lutjanidae1_plate1","2022-10-17 18:13:58 PM AWST","52","FALSE","Target 1","UNKNOWN","SYBR","None","32.3536491394043","4.67331552505493","","","","","","","","TRUE","0.180524487554541","TRUE","3","25","Amp","65, 10, 0.5, Lutjanidae1, 4.4, passive","0.974179963682404","N","N","N","Y"
"214","37.6078414916992","2.29171967506409","83.2021408081055","81.7766265869141","72.6204223632812","91.0424728393555","65","10","0.5","Lutjanidae1","4.4","passive","E5","2022-10-12_griffin_lutjanidae1_plate1","2022-10-17 18:13:58 PM AWST","53","FALSE","Target 1","UNKNOWN","SYBR","None","32.3536491394043","4.67331552505493","","","","","","","","TRUE","0.180524487554541","TRUE","3","32","Amp","65, 10, 0.5, Lutjanidae1, 4.4, passive","0.946944117947784","N","N","Y","Y"
"214","28.6612014770508","2.27189922332764","83.2021408081055","","","","65","10","0.5","Lutjanidae1","4.4","passive","E6","2022-10-12_griffin_lutjanidae1_plate1","2022-10-17 18:13:58 PM AWST","54","FALSE","Target 1","UNKNOWN","SYBR","None","32.3536491394043","4.67331552505493","","","","","","","","TRUE","0.180524487554541","TRUE","3","23","Amp","65, 10, 0.5, Lutjanidae1, 4.4, passive","0.958987556665744","N","N","N","Y"
"521","31.0823726654053","2.4545726776123","82.3351135253906","80.1957015991211","","","65","10","0.5","Lutjanidae1","4.4","passive","E7","2022-10-12_griffin_lutjanidae1_plate1","2022-10-17 18:13:58 PM AWST","55","FALSE","Target 1","UNKNOWN","SYBR","None","33.015998840332","1.92856407165527","","","","","","","","TRUE","0.180524487554541","TRUE","3","25","Amp","65, 10, 0.5, Lutjanidae1, 4.4, passive","0.947980521095373","N","N","Y","Y"
"521","34.9394607543945","2.36402153968811","82.44482421875","","","","65","10","0.5","Lutjanidae1","4.4","passive","E8","2022-10-12_griffin_lutjanidae1_plate1","2022-10-17 18:13:58 PM AWST","56","FALSE","Target 1","UNKNOWN","SYBR","None","33.015998840332","1.92856407165527","","","","","","","","TRUE","0.180524487554541","TRUE","3","29","Amp","65, 10, 0.5, Lutjanidae1, 4.4, passive","0.943865084448226","N","N","N","Y"
"521","33.0261611938477","2.32322525978088","82.5379486083984","79.184196472168","72.0918502807617","","65","10","0.5","Lutjanidae1","4.4","passive","E9","2022-10-12_griffin_lutjanidae1_plate1","2022-10-17 18:13:58 PM AWST","57","FALSE","Target 1","UNKNOWN","SYBR","None","33.015998840332","1.92856407165527","","","","","","","","TRUE","0.180524487554541","TRUE","3","27","Amp","65, 10, 0.5, Lutjanidae1, 4.4, passive","0.945906079519233","N","N","Y","Y"
"522","43.0827407836914","0.949750959873199","70.5524215698242","86.8263397216797","93.643798828125","66.9237747192383","65","10","0.5","Lutjanidae1","4.4","passive","E10","2022-10-12_griffin_lutjanidae1_plate1","2022-10-17 18:13:58 PM AWST","58","FALSE","Target 1","UNKNOWN","SYBR","None","42.7052116394043","0.533906817436218","","","","","","","","TRUE","0.180524487554541","TRUE","3","36","Amp","65, 10, 0.5, Lutjanidae1, 4.4, passive","0.857715563241483","N","N","Y","Y"
"522","Undetermined","0.103137262165546","82.0343551635742","","","","65","10","0.5","Lutjanidae1","4.4","passive","E11","2022-10-12_griffin_lutjanidae1_plate1","2022-10-17 18:13:58 PM AWST","59","FALSE","Target 1","UNKNOWN","SYBR","None","42.7052116394043","0.533906817436218","","","","","","","","TRUE","0.180524487554541","TRUE","3","44","No Amp","65, 10, 0.5, Lutjanidae1, 4.4, passive","0","Y","N","N","N"
"522","42.3276824951172","1.41132497787476","80.8293304443359","","","","65","10","0.5","Lutjanidae1","4.4","passive","E12","2022-10-12_griffin_lutjanidae1_plate1","2022-10-17 18:13:58 PM AWST","60","FALSE","Target 1","UNKNOWN","SYBR","None","42.7052116394043","0.533906817436218","","","","","","","","TRUE","0.180524487554541","TRUE","3","36","Amp","65, 10, 0.5, Lutjanidae1, 4.4, passive","0.893199745699199","N","N","N","Y"
"523","34.073974609375","2.03493189811707","78.2977828979492","70.4726943969727","93.4554748535156","68.1744155883789","65","10","0.5","Lutjanidae1","4.4","passive","F1","2022-10-12_griffin_lutjanidae1_plate1","2022-10-17 18:13:58 PM AWST","61","FALSE","Target 1","UNKNOWN","SYBR","None","35.1933746337891","1.91033184528351","","","","","","","","TRUE","0.180524487554541","TRUE","3","28","Amp","65, 10, 0.5, Lutjanidae1, 4.4, passive","0.932622015347709","N","N","Y","Y"
"523","37.3991546630859","2.1054003238678","78.7355499267578","","","","65","10","0.5","Lutjanidae1","4.4","passive","F2","2022-10-12_griffin_lutjanidae1_plate1","2022-10-17 18:13:58 PM AWST","62","FALSE","Target 1","UNKNOWN","SYBR","None","35.1933746337891","1.91033184528351","","","","","","","","TRUE","0.180524487554541","TRUE","3","32","Amp","65, 10, 0.5, Lutjanidae1, 4.4, passive","0.96220711237601","N","Y","N","Y"
"523","34.1069984436035","2.08714079856873","77.9590911865234","79.8810272216797","72.4678192138672","69.6123657226562","65","10","0.5","Lutjanidae1","4.4","passive","F3","2022-10-12_griffin_lutjanidae1_plate1","2022-10-17 18:13:58 PM AWST","63","FALSE","Target 1","UNKNOWN","SYBR","None","35.1933746337891","1.91033184528351","","","","","","","","TRUE","0.180524487554541","TRUE","3","28","Amp","65, 10, 0.5, Lutjanidae1, 4.4, passive","0.958800229943946","N","N","Y","Y"
"533","38.8774490356445","1.86538445949554","80.704719543457","77.6845245361328","","","65","10","0.5","Lutjanidae1","4.4","passive","F4","2022-10-12_griffin_lutjanidae1_plate1","2022-10-17 18:13:58 PM AWST","64","FALSE","Target 1","UNKNOWN","SYBR","None","38.4470176696777","6.20342874526978","","","","","","","","TRUE","0.180524487554541","TRUE","3","33","Amp","65, 10, 0.5, Lutjanidae1, 4.4, passive","0.966212524534517","N","N","Y","Y"
"533","32.0395851135254","2.07551622390747","78.7611083984375","","","","65","10","0.5","Lutjanidae1","4.4","passive","F5","2022-10-12_griffin_lutjanidae1_plate1","2022-10-17 18:13:58 PM AWST","65","FALSE","Target 1","UNKNOWN","SYBR","None","38.4470176696777","6.20342874526978","","","","","","","","TRUE","0.180524487554541","TRUE","3","26","Amp","65, 10, 0.5, Lutjanidae1, 4.4, passive","0.956722697832499","N","N","N","Y"
"533","44.4240226745605","1.10072898864746","80.2962799072266","","","","65","10","0.5","Lutjanidae1","4.4","passive","F6","2022-10-12_griffin_lutjanidae1_plate1","2022-10-17 18:13:58 PM AWST","66","FALSE","Target 1","UNKNOWN","SYBR","None","38.4470176696777","6.20342874526978","","","","","","","","TRUE","0.180524487554541","TRUE","3","39","Amp","65, 10, 0.5, Lutjanidae1, 4.4, passive","0.883168827051902","N","N","N","Y"
"534","33.7582702636719","2.15307807922363","79.4277114868164","66.1523895263672","91.0573272705078","72.7351913452148","65","10","0.5","Lutjanidae1","4.4","passive","F7","2022-10-12_griffin_lutjanidae1_plate1","2022-10-17 18:13:58 PM AWST","67","FALSE","Target 1","UNKNOWN","SYBR","None","35.3807411193848","6.37978649139404","","","","","","","","TRUE","0.180524487554541","TRUE","3","28","Amp","65, 10, 0.5, Lutjanidae1, 4.4, passive","0.929006034691784","N","N","Y","Y"
"534","42.415111541748","1.4834520816803","80.9088439941406","","","","65","10","0.5","Lutjanidae1","4.4","passive","F8","2022-10-12_griffin_lutjanidae1_plate1","2022-10-17 18:13:58 PM AWST","68","FALSE","Target 1","UNKNOWN","SYBR","None","35.3807411193848","6.37978649139404","","","","","","","","TRUE","0.180524487554541","TRUE","3","36","Amp","65, 10, 0.5, Lutjanidae1, 4.4, passive","0.914646170288944","N","N","N","Y"
"534","29.9688491821289","2.30724811553955","78.6343994140625","82.3730087280273","93.5338363647461","","65","10","0.5","Lutjanidae1","4.4","passive","F9","2022-10-12_griffin_lutjanidae1_plate1","2022-10-17 18:13:58 PM AWST","69","FALSE","Target 1","UNKNOWN","SYBR","None","35.3807411193848","6.37978649139404","","","","","","","","TRUE","0.180524487554541","TRUE","3","24","Amp","65, 10, 0.5, Lutjanidae1, 4.4, passive","0.943311260358585","N","N","Y","Y"
"535","33.9478340148926","2.38056111335754","82.5379486083984","66.2640228271484","80.6136627197266","90.4549865722656","65","10","0.5","Lutjanidae1","4.4","passive","F10","2022-10-12_griffin_lutjanidae1_plate1","2022-10-17 18:13:58 PM AWST","70","FALSE","Target 1","UNKNOWN","SYBR","None","32.1913604736328","3.85574316978455","","","","","","","","TRUE","0.180524487554541","TRUE","3","28","Amp","65, 10, 0.5, Lutjanidae1, 4.4, passive","0.937866748429107","N","N","Y","Y"
"535","27.7701206207275","2.54226922988892","82.9107437133789","91.2911834716797","67.3548889160156","","65","10","0.5","Lutjanidae1","4.4","passive","F11","2022-10-12_griffin_lutjanidae1_plate1","2022-10-17 18:13:58 PM AWST","71","FALSE","Target 1","UNKNOWN","SYBR","None","32.1913604736328","3.85574316978455","","","","","","","","TRUE","0.180524487554541","TRUE","3","22","Amp","65, 10, 0.5, Lutjanidae1, 4.4, passive","0.961330269411612","N","N","Y","Y"
"535","34.8561210632324","2.42053437232971","82.7464218139648","","","","65","10","0.5","Lutjanidae1","4.4","passive","F12","2022-10-12_griffin_lutjanidae1_plate1","2022-10-17 18:13:58 PM AWST","72","FALSE","Target 1","UNKNOWN","SYBR","None","32.1913604736328","3.85574316978455","","","","","","","","TRUE","0.180524487554541","TRUE","3","29","Amp","65, 10, 0.5, Lutjanidae1, 4.4, passive","0.924916373714976","N","N","N","Y"
"230_WC","37.9741287231445","2.20984601974487","81.9093627929688","78.6808319091797","","","65","10","0.5","Lutjanidae1","4.4","control_passive","G1","2022-10-12_griffin_lutjanidae1_plate1","2022-10-17 18:13:58 PM AWST","73","FALSE","Target 1","UNKNOWN","SYBR","None","37.3350257873535","0.555335223674774","","","","","","","","TRUE","0.180524487554541","TRUE","3","32","Amp","65, 10, 0.5, Lutjanidae1, 4.4, control_passive","0.922644908412321","N","N","Y","Y"
"230_WC","37.0608215332031","2.27419233322144","82.5660171508789","","","","65","10","0.5","Lutjanidae1","4.4","control_passive","G2","2022-10-12_griffin_lutjanidae1_plate1","2022-10-17 18:13:58 PM AWST","74","FALSE","Target 1","UNKNOWN","SYBR","None","37.3350257873535","0.555335223674774","","","","","","","","TRUE","0.180524487554541","TRUE","3","31","Amp","65, 10, 0.5, Lutjanidae1, 4.4, control_passive","0.934906463010505","N","N","N","Y"
"230_WC","36.9701232910156","2.21837663650513","81.3636703491211","","","","65","10","0.5","Lutjanidae1","4.4","control_passive","G3","2022-10-12_griffin_lutjanidae1_plate1","2022-10-17 18:13:58 PM AWST","75","FALSE","Target 1","UNKNOWN","SYBR","None","37.3350257873535","0.555335223674774","","","","","","","","TRUE","0.180524487554541","TRUE","3","31","Amp","65, 10, 0.5, Lutjanidae1, 4.4, control_passive","0.945601248986605","N","N","N","Y"
"279_WC","36.493824005127","2.62838959693909","83.0110549926758","","","","65","10","0.5","Lutjanidae1","4.4","control_passive","G4","2022-10-12_griffin_lutjanidae1_plate1","2022-10-17 18:13:58 PM AWST","76","FALSE","Target 1","UNKNOWN","SYBR","None","36.3191947937012","0.81572824716568","","","","","","","","TRUE","0.180524487554541","TRUE","3","30","Amp","65, 10, 0.5, Lutjanidae1, 4.4, control_passive","0.950968210045721","N","N","N","Y"
"279_WC","37.0334625244141","2.5527663230896","81.5573120117188","83.256965637207","72.072151184082","70.0435333251953","65","10","0.5","Lutjanidae1","4.4","control_passive","G5","2022-10-12_griffin_lutjanidae1_plate1","2022-10-17 18:13:58 PM AWST","77","FALSE","Target 1","UNKNOWN","SYBR","None","36.3191947937012","0.81572824716568","","","","","","","","TRUE","0.180524487554541","TRUE","3","32","Amp","65, 10, 0.5, Lutjanidae1, 4.4, control_passive","0.937023255866889","N","N","Y","Y"
"279_WC","35.430290222168","2.48793292045593","81.6669692993164","89.4524765014648","83.0924835205078","93.7838516235352","65","10","0.5","Lutjanidae1","4.4","control_passive","G6","2022-10-12_griffin_lutjanidae1_plate1","2022-10-17 18:13:58 PM AWST","78","FALSE","Target 1","UNKNOWN","SYBR","None","36.3191947937012","0.81572824716568","","","","","","","","TRUE","0.180524487554541","TRUE","3","30","Amp","65, 10, 0.5, Lutjanidae1, 4.4, control_passive","0.928263815558658","N","N","Y","Y"
"545_WC","37.2328643798828","2.36740732192993","82.7191162109375","","","","65","10","0.5","Lutjanidae1","4.4","control_passive","G7","2022-10-12_griffin_lutjanidae1_plate1","2022-10-17 18:13:58 PM AWST","79","FALSE","Target 1","UNKNOWN","SYBR","None","38.8036003112793","4.51359844207764","","","","","","","","TRUE","0.180524487554541","TRUE","3","32","Amp","65, 10, 0.5, Lutjanidae1, 4.4, control_passive","0.92762685732751","N","N","N","Y"
"545_WC","35.2852325439453","2.31979513168335","82.8288269042969","","","","65","10","0.5","Lutjanidae1","4.4","control_passive","G8","2022-10-12_griffin_lutjanidae1_plate1","2022-10-17 18:13:58 PM AWST","80","FALSE","Target 1","UNKNOWN","SYBR","None","38.8036003112793","4.51359844207764","","","","","","","","TRUE","0.180524487554541","TRUE","3","29","Amp","65, 10, 0.5, Lutjanidae1, 4.4, control_passive","0.924337050157712","N","N","N","Y"
"545_WC","43.892707824707","1.59564924240112","82.0431289672852","","","","65","10","0.5","Lutjanidae1","4.4","control_passive","G9","2022-10-12_griffin_lutjanidae1_plate1","2022-10-17 18:13:58 PM AWST","81","FALSE","Target 1","UNKNOWN","SYBR","None","38.8036003112793","4.51359844207764","","","","","","","","TRUE","0.180524487554541","TRUE","3","38","Amp","65, 10, 0.5, Lutjanidae1, 4.4, control_passive","0.907068775357878","N","N","N","Y"
"EEC1","34.9886245727539","2.51419925689697","82.5929260253906","71.9269104003906","70.5524215698242","93.1489791870117","65","10","0.5","Lutjanidae1","4.4","control_extraction","G10","2022-10-12_griffin_lutjanidae1_plate1","2022-10-17 18:13:58 PM AWST","82","FALSE","Target 1","UNKNOWN","SYBR","None","36.8727531433105","3.21876573562622","","","","","","","","TRUE","0.180524487554541","TRUE","3","29","Amp","65, 10, 0.5, Lutjanidae1, 4.4, control_extraction","0.92993309868757","N","N","Y","Y"
"EEC1","40.5893440246582","2.46164178848267","80.7197799682617","","","","65","10","0.5","Lutjanidae1","4.4","control_extraction","G11","2022-10-12_griffin_lutjanidae1_plate1","2022-10-17 18:13:58 PM AWST","83","FALSE","Target 1","UNKNOWN","SYBR","None","36.8727531433105","3.21876573562622","","","","","","","","TRUE","0.180524487554541","TRUE","3","36","Amp","65, 10, 0.5, Lutjanidae1, 4.4, control_extraction","0.933114187481741","N","Y","N","Y"
"EEC1","35.0402908325195","2.6647629737854","82.5820999145508","72.2297897338867","","","65","10","0.5","Lutjanidae1","4.4","control_extraction","G12","2022-10-12_griffin_lutjanidae1_plate1","2022-10-17 18:13:58 PM AWST","84","FALSE","Target 1","UNKNOWN","SYBR","None","36.8727531433105","3.21876573562622","","","","","","","","TRUE","0.180524487554541","TRUE","3","29","Amp","65, 10, 0.5, Lutjanidae1, 4.4, control_extraction","0.915989607036226","N","N","Y","Y"
"EEC2","34.6595306396484","2.74784874916077","82.8943405151367","","","","65","10","0.5","Lutjanidae1","4.4","control_extraction","H1","2022-10-12_griffin_lutjanidae1_plate1","2022-10-17 18:13:58 PM AWST","85","FALSE","Target 1","UNKNOWN","SYBR","None","36.9991798400879","2.13179302215576","","","","","","","","TRUE","0.180524487554541","TRUE","3","29","Amp","65, 10, 0.5, Lutjanidae1, 4.4, control_extraction","0.907246428555205","N","N","N","Y"
"EEC2","38.8316268920898","2.58266544342041","83.0585021972656","","","","65","10","0.5","Lutjanidae1","4.4","control_extraction","H2","2022-10-12_griffin_lutjanidae1_plate1","2022-10-17 18:13:58 PM AWST","86","FALSE","Target 1","UNKNOWN","SYBR","None","36.9991798400879","2.13179302215576","","","","","","","","TRUE","0.180524487554541","TRUE","3","34","Amp","65, 10, 0.5, Lutjanidae1, 4.4, control_extraction","0.921339877437158","N","N","N","Y"
"EEC2","37.5063896179199","2.7328953742981","82.9012298583984","","","","65","10","0.5","Lutjanidae1","4.4","control_extraction","H3","2022-10-12_griffin_lutjanidae1_plate1","2022-10-17 18:13:58 PM AWST","87","FALSE","Target 1","UNKNOWN","SYBR","None","36.9991798400879","2.13179302215576","","","","","","","","TRUE","0.180524487554541","TRUE","3","32","Amp","65, 10, 0.5, Lutjanidae1, 4.4, control_extraction","0.919774675407956","N","N","N","Y"
"EEC3","39.7815933227539","2.58995366096497","81.6382369995117","","","","65","10","0.5","Lutjanidae1","4.4","control_extraction","H4","2022-10-12_griffin_lutjanidae1_plate1","2022-10-17 18:13:58 PM AWST","88","FALSE","Target 1","UNKNOWN","SYBR","None","38.5758285522461","3.03429698944092","","","","","","","","TRUE","0.180524487554541","TRUE","3","34","Amp","65, 10, 0.5, Lutjanidae1, 4.4, control_extraction","0.913473945511062","N","N","N","Y"
"EEC3","35.1239891052246","2.60697960853577","82.9280014038086","81.5024871826172","67.3021545410156","73.7718048095703","65","10","0.5","Lutjanidae1","4.4","control_extraction","H5","2022-10-12_griffin_lutjanidae1_plate1","2022-10-17 18:13:58 PM AWST","89","FALSE","Target 1","UNKNOWN","SYBR","None","38.5758285522461","3.03429698944092","","","","","","","","TRUE","0.180524487554541","TRUE","3","29","Amp","65, 10, 0.5, Lutjanidae1, 4.4, control_extraction","0.898509356813402","N","N","Y","Y"
"EEC3","40.8219032287598","2.59389805793762","81.5024871826172","","","","65","10","0.5","Lutjanidae1","4.4","control_extraction","H6","2022-10-12_griffin_lutjanidae1_plate1","2022-10-17 18:13:58 PM AWST","90","FALSE","Target 1","UNKNOWN","SYBR","None","38.5758285522461","3.03429698944092","","","","","","","","TRUE","0.180524487554541","TRUE","3","35","Amp","65, 10, 0.5, Lutjanidae1, 4.4, control_extraction","0.902540760855622","N","N","N","Y"
"809","39.1974868774414","2.14398217201233","82.9933929443359","","","","65","10","0.5","Lutjanidae1","4.4","sentino","H7","2022-10-12_griffin_lutjanidae1_plate1","2022-10-17 18:13:58 PM AWST","91","FALSE","Target 1","UNKNOWN","SYBR","None","37.1393241882324","1.92093729972839","","","","","","","","TRUE","0.180524487554541","TRUE","3","35","Amp","65, 10, 0.5, Lutjanidae1, 4.4, sentino","0.916872663753596","N","N","N","Y"
"809","36.8264656066895","2.26945948600769","82.1705474853516","","","","65","10","0.5","Lutjanidae1","4.4","sentino","H8","2022-10-12_griffin_lutjanidae1_plate1","2022-10-17 18:13:58 PM AWST","92","FALSE","Target 1","UNKNOWN","SYBR","None","37.1393241882324","1.92093729972839","","","","","","","","TRUE","0.180524487554541","TRUE","3","32","Amp","65, 10, 0.5, Lutjanidae1, 4.4, sentino","0.935876673143307","N","N","N","Y"
"809","35.3940200805664","1.9883348941803","82.1530914306641","","","","65","10","0.5","Lutjanidae1","4.4","sentino","H9","2022-10-12_griffin_lutjanidae1_plate1","2022-10-17 18:13:58 PM AWST","93","FALSE","Target 1","UNKNOWN","SYBR","None","37.1393241882324","1.92093729972839","","","","","","","","TRUE","0.180524487554541","TRUE","3","29","Amp","65, 10, 0.5, Lutjanidae1, 4.4, sentino","0.924388048619244","N","N","N","Y"
"BLANK06","35.4627380371094","2.81725430488586","83.3626403808594","","","","65","10","0.5","Lutjanidae1","4.4","control_PCR","H10","2022-10-12_griffin_lutjanidae1_plate1","2022-10-17 18:13:58 PM AWST","94","FALSE","Target 1","UNKNOWN","SYBR","None","35.3220863342285","0.993255078792572","","","","","","","","TRUE","0.180524487554541","TRUE","3","31","Amp","65, 10, 0.5, Lutjanidae1, 4.4, control_PCR","0.910171690704731","N","N","N","Y"
"BLANK06","36.2375183105469","2.99643182754517","82.8011932373047","","","","65","10","0.5","Lutjanidae1","4.4","control_PCR","H11","2022-10-12_griffin_lutjanidae1_plate1","2022-10-17 18:13:58 PM AWST","95","FALSE","Target 1","UNKNOWN","SYBR","None","35.3220863342285","0.993255078792572","","","","","","","","TRUE","0.180524487554541","TRUE","3","30","Amp","65, 10, 0.5, Lutjanidae1, 4.4, control_PCR","0.9198766157495","N","N","N","Y"
"BLANK06","34.2660026550293","2.68850564956665","83.2941589355469","","","","65","10","0.5","Lutjanidae1","4.4","control_PCR","H12","2022-10-12_griffin_lutjanidae1_plate1","2022-10-17 18:13:58 PM AWST","96","FALSE","Target 1","UNKNOWN","SYBR","None","35.3220863342285","0.993255078792572","","","","","","","","TRUE","0.180524487554541","TRUE","3","29","Amp","65, 10, 0.5, Lutjanidae1, 4.4, control_PCR","0.909598531799814","N","N","N","Y"
